date,freight_rate_aus_prt,freight_rate_aus_gnr,freight_rate_ind_hld,freight_rate_rus_vtz,bdi,bci,bpi,bsi,bhsi,vlsfo_bunker,brent_crude,coking_coal,thermal_coal,iron_ore,steel_hrc,wave_height_m,monsoon_flag,cyclone_risk,paradip_queue,vizag_queue,haldia_queue,gangavaram_queue,usd_inr,mfg_pmi
2024-09-01,13.97,11.33,8.43,31.92,1682.9,2341.0,1436.1,1236.7,683.3,655.0,90.0,214.25,125.43,121.0,575.0,3.0,1,0.05,2.4,2.8,4.4,1.1,83.1,51.5
2024-09-02,13.98,11.35,8.43,31.93,1686.6,2348.8,1437.3,1237.4,683.7,656.0,90.2,214.51,125.26,121.44,575.79,3.11,1,0.062,2.5,2.8,4.6,1.1,83.12,51.5
2024-09-03,13.98,11.36,8.43,31.95,1690.2,2356.5,1438.5,1238.1,684.0,656.98,90.4,214.78,125.1,121.86,576.55,3.23,1,0.075,2.6,2.8,4.8,1.2,83.13,51.6
2024-09-04,13.99,11.37,8.44,31.97,1693.7,2363.8,1439.7,1238.9,684.4,657.96,90.59,215.06,124.93,122.27,577.29,3.33,1,0.087,2.7,2.8,4.9,1.2,83.15,51.6
2024-09-05,14.0,11.39,8.44,31.98,1697.0,2370.7,1440.9,1239.7,684.7,658.91,90.78,215.34,124.76,122.65,578.0,3.43,1,0.099,2.8,2.7,5.1,1.3,83.17,51.7
2024-09-06,14.01,11.4,8.44,32.0,1700.0,2377.0,1442.0,1240.5,685.2,659.84,90.96,215.63,124.59,123.01,578.69,3.52,1,0.111,2.9,2.7,5.2,1.3,83.18,51.7
2024-09-07,14.01,11.41,8.45,32.01,1702.8,2382.7,1443.1,1241.3,685.6,660.74,91.14,215.92,124.42,123.36,579.36,3.6,1,0.122,3.0,2.6,5.3,1.4,83.2,51.7
2024-09-08,14.02,11.42,8.45,32.03,1705.2,2387.5,1444.1,1242.1,686.0,661.61,91.31,216.22,124.25,123.69,580.0,3.67,1,0.133,3.1,2.6,5.4,1.4,83.21,51.8
2024-09-09,14.03,11.43,8.45,32.04,1707.3,2391.5,1444.9,1242.9,686.5,662.45,91.48,216.51,124.08,123.99,580.61,3.73,1,0.143,3.2,2.5,5.5,1.4,83.23,51.8
2024-09-10,14.03,11.43,8.46,32.05,1708.9,2394.4,1445.7,1243.7,687.0,663.24,91.63,216.81,123.9,124.28,581.2,3.77,1,0.152,3.2,2.4,5.5,1.5,83.25,51.9
2024-09-11,14.04,11.44,8.46,32.06,1710.0,2396.2,1446.3,1244.4,687.5,664.0,91.78,217.11,123.73,124.55,581.76,3.79,1,0.161,3.3,2.4,5.5,1.5,83.26,51.9
2024-09-12,14.04,11.44,8.46,32.07,1710.6,2396.9,1446.8,1245.2,688.0,664.7,91.92,217.41,123.55,124.8,582.3,3.8,1,0.169,3.3,2.3,5.5,1.5,83.28,52.0
2024-09-13,14.04,11.44,8.47,32.08,1710.7,2396.3,1447.1,1245.9,688.5,665.36,92.05,217.7,123.38,125.03,582.81,3.79,1,0.176,3.3,2.2,5.4,1.5,83.29,52.0
2024-09-14,14.05,11.44,8.47,32.09,1710.2,2394.4,1447.3,1246.6,689.0,665.96,92.16,217.99,123.2,125.25,583.3,3.77,1,0.183,3.3,2.1,5.3,1.6,83.31,52.0
2024-09-15,14.05,11.44,8.47,32.09,1709.1,2391.2,1447.2,1247.3,689.5,666.51,92.27,218.28,123.03,125.45,583.76,3.73,1,0.188,3.3,2.0,5.2,1.6,83.32,52.1
2024-09-16,14.05,11.44,8.47,32.1,1707.3,2386.6,1446.9,1247.9,690.1,667.0,92.36,218.56,122.85,125.63,584.2,3.67,1,0.192,3.3,2.1,5.1,1.6,83.34,52.1
2024-09-17,14.05,11.43,8.47,32.1,1705.0,2380.7,1446.5,1248.5,690.6,667.42,92.44,218.84,122.67,125.79,584.61,3.6,1,0.196,3.2,2.2,4.9,1.6,83.35,52.2
2024-09-18,14.05,11.42,8.48,32.1,1702.0,2373.3,1445.7,1249.0,691.2,667.79,92.5,219.11,122.49,125.94,585.0,3.52,1,0.198,3.2,2.3,4.7,1.6,83.37,52.2
2024-09-19,14.05,11.41,8.48,32.1,1698.4,2364.6,1444.8,1249.5,691.7,668.08,92.56,219.38,122.32,126.07,585.37,3.43,1,0.2,3.1,2.3,4.6,1.6,83.38,52.2
2024-09-20,14.05,11.4,8.48,32.1,1694.1,2354.6,1443.6,1249.9,692.3,668.31,92.6,219.63,122.14,126.19,585.71,3.33,1,0.2,3.0,2.4,4.4,1.6,83.39,52.3
2024-09-21,14.05,11.38,8.48,32.09,1689.3,2343.3,1442.2,1250.3,692.8,668.47,92.62,219.88,121.96,126.29,586.03,3.22,1,0.199,2.9,2.5,4.6,1.6,83.41,52.3
2024-09-22,14.04,11.36,8.48,32.08,1684.0,2330.8,1440.6,1250.6,693.4,668.56,92.63,220.12,121.79,126.38,586.32,3.11,1,0.198,2.8,2.6,4.8,1.6,83.42,52.4
2024-09-23,14.04,11.35,8.48,32.07,1678.0,2317.1,1438.6,1250.8,693.9,668.58,92.63,220.35,121.61,126.46,586.59,3.0,1,0.195,2.7,2.6,5.0,1.6,83.43,52.4
2024-09-24,14.03,11.33,8.48,32.06,1671.6,2302.4,1436.5,1251.0,694.4,668.53,92.61,220.56,121.44,126.52,586.85,3.11,1,0.191,2.6,2.7,5.1,1.5,83.45,52.4
2024-09-25,14.02,11.3,8.48,32.05,1664.6,2286.6,1434.1,1251.1,695.0,668.4,92.57,220.77,121.26,126.57,587.07,3.23,1,0.186,2.5,2.7,5.2,1.5,83.46,52.5
2024-09-26,14.02,11.28,8.48,32.03,1657.2,2270.0,1431.4,1251.1,695.5,668.21,92.53,220.97,121.09,126.62,587.28,3.33,1,0.181,2.4,2.7,5.3,1.5,83.47,52.5
2024-09-27,14.01,11.26,8.48,32.02,1649.4,2252.6,1428.6,1251.1,696.0,667.94,92.46,221.15,120.92,126.65,587.47,3.43,1,0.174,2.5,2.8,5.4,1.5,83.48,52.5
2024-09-28,14.0,11.23,8.48,32.0,1641.3,2234.6,1425.5,1250.9,696.5,667.6,92.39,221.32,120.75,126.67,587.64,3.52,1,0.167,2.6,2.8,5.5,1.4,83.49,52.6
2024-09-29,13.98,11.2,8.48,31.98,1632.9,2216.0,1422.1,1250.7,697.0,667.19,92.29,221.48,120.58,126.69,587.78,3.61,1,0.158,2.7,2.8,5.5,1.4,83.51,52.6
2024-09-30,13.97,11.18,8.48,31.95,1624.3,2197.1,1418.6,1250.5,697.5,666.71,92.19,221.62,120.41,126.69,587.91,3.67,1,0.149,2.8,2.8,5.5,1.3,83.52,52.7
2024-10-01,13.82,11.15,8.37,31.93,1615.4,2177.9,1414.8,1250.1,698.0,666.16,92.07,221.75,120.24,126.7,588.02,1.93,0,0.14,2.1,2.8,4.3,1.3,83.53,52.7
2024-10-02,13.8,11.12,8.36,31.9,1606.5,2158.7,1410.9,1249.7,698.4,665.55,91.93,221.87,120.07,126.69,588.11,1.97,0,0.129,2.2,2.8,4.2,1.3,83.54,52.7
2024-10-03,13.79,11.09,8.36,31.88,1597.6,2139.5,1406.8,1249.2,698.9,664.87,91.79,221.97,119.91,126.68,588.19,1.99,0,0.119,2.3,2.7,4.1,1.2,83.55,52.8
2024-10-04,13.77,11.06,8.36,31.85,1588.6,2120.5,1402.5,1248.6,699.3,664.14,91.63,222.06,119.75,126.66,588.25,2.0,0,0.107,2.3,2.7,4.0,1.2,83.56,52.8
2024-10-05,13.76,11.04,8.36,31.82,1579.7,2101.8,1398.0,1247.9,699.8,663.34,91.46,222.13,119.59,126.65,588.29,1.99,0,0.096,2.4,2.6,3.8,1.1,83.56,52.8
2024-10-06,13.74,11.01,8.35,31.78,1571.0,2083.6,1393.5,1247.2,700.2,662.49,91.27,222.19,119.43,126.63,588.32,1.97,0,0.083,2.4,2.6,3.7,1.1,83.57,52.9
2024-10-07,13.72,10.98,8.35,31.75,1562.4,2066.0,1388.8,1246.3,700.6,661.58,91.08,222.23,119.28,126.6,588.33,1.93,0,0.071,2.5,2.5,3.5,1.2,83.58,52.9
2024-10-08,13.71,10.96,8.35,31.72,1554.0,2049.2,1384.0,1245.4,700.9,660.62,90.87,222.26,119.12,126.58,588.33,1.87,0,0.059,2.5,2.5,3.3,1.2,83.59,52.9
2024-10-09,13.69,10.93,8.34,31.68,1546.1,2033.3,1379.2,1244.5,701.3,659.62,90.66,222.28,118.97,126.56,588.32,1.8,0,0.054,2.5,2.4,3.3,1.3,83.6,53.0
2024-10-10,13.67,10.91,8.34,31.65,1538.5,2018.4,1374.3,1243.4,701.6,658.57,90.44,222.28,118.83,126.53,588.29,1.72,0,0.066,2.5,2.3,3.4,1.3,83.6,53.0
2024-10-11,13.65,10.88,8.33,31.61,1531.3,2004.6,1369.3,1242.3,702.0,657.49,90.21,222.27,118.68,126.51,588.26,1.63,0,0.079,2.5,2.2,3.6,1.3,83.61,53.0
2024-10-12,13.63,10.86,8.33,31.57,1524.6,1992.1,1364.4,1241.1,702.3,656.37,89.97,222.24,118.54,126.49,588.21,1.53,0,0.091,2.4,2.1,3.8,1.4,83.61,53.1
2024-10-13,13.61,10.84,8.32,31.54,1518.4,1980.8,1359.4,1239.9,702.6,655.21,89.72,222.2,118.4,126.47,588.15,1.42,0,0.103,2.4,2.0,3.9,1.4,83.62,53.1
2024-10-14,13.6,10.83,8.32,31.5,1512.8,1971.0,1354.5,1238.6,702.9,654.03,89.47,222.15,118.27,126.45,588.08,1.31,0,0.114,2.3,2.1,4.1,1.4,83.63,53.1
2024-10-15,13.58,10.81,8.31,31.46,1507.7,1962.6,1349.7,1237.2,703.1,652.83,89.21,222.08,118.14,126.44,588.01,1.2,0,0.125,2.2,2.1,4.2,1.5,83.63,53.2
2024-10-16,13.56,10.8,8.31,31.43,1503.2,1955.7,1344.9,1235.8,703.4,651.61,88.95,222.0,118.01,126.43,587.93,1.32,0,0.136,2.2,2.2,4.2,1.5,83.63,53.2
2024-10-17,13.54,10.79,8.3,31.39,1499.4,1950.4,1340.2,1234.3,703.6,650.37,88.69,221.91,117.89,126.43,587.83,1.43,0,0.146,2.1,2.3,4.3,1.5,83.64,53.2
2024-10-18,13.52,10.78,8.3,31.35,1496.3,1946.8,1335.6,1232.8,703.8,649.13,88.43,221.81,117.77,126.43,587.74,1.53,0,0.155,2.0,2.4,4.3,1.6,83.64,53.3
2024-10-19,13.5,10.77,8.29,31.32,1493.9,1944.7,1331.2,1231.2,704.1,647.87,88.16,221.69,117.65,126.44,587.64,1.63,0,0.164,1.9,2.5,4.3,1.6,83.64,53.3
2024-10-20,13.49,10.76,8.29,31.29,1492.1,1944.2,1327.0,1229.6,704.2,646.62,87.89,221.57,117.54,126.45,587.53,1.73,0,0.171,1.7,2.5,4.2,1.6,83.65,53.3
2024-10-21,13.47,10.76,8.28,31.25,1491.0,1945.3,1322.9,1228.0,704.4,645.37,87.62,221.44,117.43,126.47,587.42,1.81,0,0.65,1.6,2.6,4.2,1.6,83.65,53.4
2024-10-22,13.45,10.76,8.28,31.22,1490.6,1948.0,1319.0,1226.3,704.6,644.13,87.36,221.29,117.33,126.5,587.3,1.87,0,0.184,1.7,2.7,4.1,1.6,83.65,53.4
2024-10-23,13.44,10.76,8.27,31.19,1490.9,1952.2,1315.4,1224.7,704.7,642.9,87.09,221.14,117.23,126.53,587.18,1.93,0,0.189,1.8,2.7,4.0,1.6,83.65,53.4
2024-10-24,13.42,10.77,8.27,31.16,1491.8,1957.9,1312.0,1222.9,704.9,641.69,86.83,220.98,117.14,126.58,587.06,1.97,0,0.193,1.9,2.7,3.8,1.6,83.65,53.4
2024-10-25,13.41,10.77,8.26,31.13,1493.4,1965.0,1308.9,1221.2,705.0,640.5,86.58,220.81,117.05,126.62,586.94,1.99,0,0.197,2.0,2.8,3.7,1.6,83.65,53.5
2024-10-26,13.4,10.78,8.25,31.1,1495.6,1973.4,1306.0,1219.5,705.1,639.34,86.32,220.64,116.97,126.68,586.82,2.0,0,0.199,2.1,2.8,3.5,1.6,83.65,53.5
2024-10-27,13.38,10.79,8.25,31.08,1498.4,1983.1,1303.5,1217.8,705.2,638.2,86.08,220.46,116.89,126.74,586.7,1.99,0,0.2,2.2,2.8,3.3,1.6,83.65,53.5
2024-10-28,13.37,10.8,8.24,31.06,1501.7,1994.0,1301.3,1216.0,705.3,637.09,85.84,220.28,116.82,126.81,586.58,1.97,0,0.2,2.3,2.8,3.3,1.5,83.65,53.5
2024-10-29,13.36,10.81,8.24,31.03,1505.5,2005.8,1299.4,1214.3,705.4,636.03,85.6,220.09,116.76,126.89,586.46,1.93,0,0.199,2.3,2.8,3.5,1.5,83.65,53.6
2024-10-30,13.35,10.83,8.23,31.02,1509.8,2018.6,1297.8,1212.6,705.5,635.0,85.38,219.9,116.7,126.97,586.34,1.87,0,0.197,2.4,2.8,3.6,1.5,83.65,53.6
2024-10-31,13.35,10.84,8.23,31.0,1514.6,2032.2,1296.6,1210.9,705.6,634.01,85.16,219.71,116.64,127.06,586.22,1.8,0,0.194,2.4,2.7,3.8,1.5,83.64,53.6
2024-11-01,13.34,10.86,8.22,30.99,1519.7,2046.5,1295.7,1209.3,705.7,633.07,84.95,219.52,116.6,127.16,586.11,1.72,0,0.19,2.5,2.7,3.9,1.4,83.64,53.6
2024-11-02,13.33,10.87,8.22,30.97,1525.2,2061.3,1295.2,1207.7,705.7,632.18,84.75,219.32,116.55,127.27,586.0,1.63,0,0.185,2.5,2.7,4.1,1.4,83.64,53.6
2024-11-03,13.33,10.89,8.21,30.96,1530.9,2076.5,1295.1,1206.1,705.8,631.34,84.56,219.13,116.52,127.38,585.89,1.53,0,0.179,2.5,2.6,4.2,1.4,83.63,53.7
2024-11-04,13.33,10.91,8.21,30.96,1536.9,2092.0,1295.4,1204.5,705.9,630.56,84.38,218.94,116.49,127.5,585.79,1.42,0,0.172,2.5,2.5,4.2,1.3,83.63,53.7
2024-11-05,13.33,10.93,8.21,30.95,1543.1,2107.6,1296.1,1203.1,706.0,629.83,84.22,218.75,116.47,127.62,585.69,1.31,0,0.164,2.5,2.5,4.3,1.3,83.63,53.7
2024-11-06,13.33,10.95,8.2,30.95,1549.4,2123.3,1297.1,1201.6,706.0,629.16,84.06,218.57,116.45,127.75,585.6,1.2,0,0.156,2.4,2.4,4.3,1.2,83.62,53.7
2024-11-07,13.33,10.97,8.2,30.95,1555.8,2138.8,1298.6,1200.2,706.1,628.55,83.92,218.39,116.44,127.89,585.51,1.32,0,0.147,2.4,2.3,4.3,1.2,83.62,53.7
2024-11-08,13.33,10.99,8.2,30.95,1562.1,2154.0,1300.4,1198.9,706.2,627.99,83.78,218.22,116.44,128.02,585.43,1.43,0,0.137,2.3,2.2,4.2,1.2,83.61,53.8
2024-11-09,13.33,11.0,8.19,30.96,1568.5,2168.9,1302.6,1197.7,706.3,627.5,83.66,218.05,116.44,128.17,585.35,1.54,0,0.126,2.2,2.1,4.2,1.1,83.61,53.8
2024-11-10,13.34,11.02,8.19,30.97,1574.8,2183.3,1305.2,1196.6,706.4,627.08,83.55,217.89,116.46,128.31,585.28,1.64,0,0.115,2.2,2.1,4.1,1.1,83.6,53.8
2024-11-11,13.34,11.04,8.19,30.98,1581.1,2197.1,1308.2,1195.5,706.5,626.71,83.46,217.74,116.48,128.46,585.22,1.73,0,0.104,2.1,2.0,3.9,1.2,83.59,53.8
2024-11-12,13.35,11.06,8.18,30.99,1587.1,2210.2,1311.6,1194.5,706.6,626.41,83.37,217.6,116.5,128.61,585.17,1.81,0,0.092,2.0,2.1,3.8,1.2,83.59,53.8
2024-11-13,13.36,11.07,8.18,31.01,1593.0,2222.5,1315.3,1193.6,706.7,626.17,83.3,217.47,116.54,128.76,585.12,1.87,0,0.08,1.9,2.2,3.6,1.3,83.58,53.8
2024-11-14,13.37,11.09,8.18,31.03,1598.6,2233.9,1319.3,1192.9,706.8,625.99,83.24,217.36,116.58,128.91,585.08,1.93,0,0.067,1.8,2.3,3.5,1.3,83.57,53.9
2024-11-15,13.38,11.1,8.18,31.05,1604.1,2244.5,1323.7,1192.2,707.0,625.87,83.19,217.25,116.63,129.06,585.05,1.97,0,0.65,1.6,2.4,3.3,1.4,83.56,53.9
2024-11-16,13.4,11.11,8.18,31.07,1609.2,2254.0,1328.5,1191.6,707.2,625.82,83.16,217.16,116.68,129.21,585.03,1.99,0,0.058,1.7,2.4,3.3,1.4,83.56,53.9
2024-11-17,13.41,11.13,8.18,31.1,1614.1,2262.6,1333.5,1191.2,707.4,625.82,83.13,217.09,116.75,129.36,585.01,2.0,0,0.07,1.8,2.5,3.5,1.4,83.55,53.9
2024-11-18,13.42,11.14,8.18,31.12,1618.6,2270.1,1338.9,1190.8,707.6,625.88,83.12,217.03,116.82,129.5,585.0,1.99,0,0.082,1.9,2.6,3.7,1.5,83.54,53.9
2024-11-19,13.44,11.14,8.18,31.15,1622.9,2276.5,1344.5,1190.6,707.8,625.99,83.12,216.98,116.9,129.64,585.0,1.97,0,0.094,2.0,2.6,3.8,1.5,83.53,53.9
2024-11-20,13.46,11.15,8.18,31.18,1626.8,2281.9,1350.4,1190.5,708.0,626.16,83.12,216.96,116.99,129.78,585.01,1.93,0,0.106,2.1,2.7,4.0,1.5,83.52,53.9
2024-11-21,13.48,11.16,8.18,31.22,1630.4,2286.2,1356.6,1190.6,708.3,626.38,83.14,216.95,117.08,129.91,585.02,1.87,0,0.118,2.2,2.7,4.1,1.5,83.51,53.9
2024-11-22,13.49,11.16,8.18,31.25,1633.7,2289.5,1363.0,1190.8,708.6,626.65,83.17,216.96,117.19,130.04,585.05,1.8,0,0.128,2.3,2.8,4.2,1.6,83.5,53.9
2024-11-23,13.51,11.17,8.18,31.29,1636.7,2291.8,1369.6,1191.1,708.9,626.96,83.2,217.0,117.3,130.15,585.08,1.72,0,0.139,2.3,2.8,4.2,1.6,83.5,54.0
2024-11-24,13.53,11.17,8.18,31.32,1639.4,2293.2,1376.3,1191.5,709.3,627.31,83.25,217.05,117.42,130.26,585.12,1.63,0,0.149,2.4,2.8,4.3,1.6,83.49,54.0
2024-11-25,13.55,11.17,8.18,31.36,1641.9,2293.8,1383.3,1192.2,709.6,627.71,83.3,217.12,117.55,130.36,585.16,1.53,0,0.158,2.4,2.8,4.3,1.6,83.48,54.0
2024-11-26,13.58,11.18,8.19,31.4,1644.1,2293.6,1390.4,1192.9,710.1,628.13,83.36,217.22,117.69,130.46,585.22,1.42,0,0.166,2.5,2.8,4.3,1.6,83.47,54.0
2024-11-27,13.6,11.18,8.19,31.44,1646.2,2292.7,1397.6,1193.8,710.5,628.59,83.42,217.34,117.83,130.54,585.28,1.31,0,0.173,2.5,2.8,4.2,1.6,83.46,54.0
2024-11-28,13.62,11.18,8.19,31.49,1648.0,2291.1,1404.9,1194.8,711.0,629.08,83.49,217.48,117.99,130.61,585.35,1.2,0,0.18,2.5,2.8,4.1,1.6,83.45,54.0
2024-11-29,13.64,11.17,8.19,31.53,1649.8,2289.2,1412.4,1196.0,711.5,629.59,83.57,217.65,118.15,130.66,585.42,1.32,0,0.186,2.5,2.7,4.0,1.6,83.44,54.0
2024-11-30,13.66,11.17,8.2,31.57,1651.3,2286.8,1419.8,1197.4,712.0,630.12,83.65,217.84,118.32,130.71,585.5,1.43,0,0.191,2.5,2.7,3.9,1.6,83.43,54.0
2024-12-01,13.69,11.17,8.2,31.61,1652.9,2284.2,1427.3,1198.9,712.6,630.67,83.73,218.06,118.5,130.74,585.59,1.54,0,0.195,2.4,2.6,3.8,1.6,83.42,54.0
2024-12-02,13.71,11.17,8.21,31.66,1654.5,2281.5,1434.8,1200.6,713.2,631.23,83.81,218.3,118.69,130.75,585.68,1.64,0,0.197,2.4,2.6,3.6,1.5,83.41,54.0
2024-12-03,13.73,11.17,8.21,31.7,1656.1,2278.8,1442.3,1202.4,713.9,631.79,83.89,218.57,118.88,130.75,585.78,1.73,0,0.199,2.3,2.5,3.4,1.5,83.4,54.0
2024-12-04,13.76,11.17,8.21,31.74,1657.7,2276.2,1449.8,1204.3,714.6,632.36,83.98,218.87,119.09,130.73,585.88,1.81,0,0.2,2.3,2.4,3.2,1.5,83.39,54.0
2024-12-05,13.78,11.16,8.22,31.79,1659.6,2273.9,1457.3,1206.4,715.4,632.93,84.06,219.19,119.3,130.7,585.99,1.88,0,0.2,2.2,2.3,3.3,1.5,83.37,54.0
2024-12-06,13.8,11.16,8.22,31.83,1661.6,2272.1,1464.6,1208.7,716.1,633.49,84.15,219.54,119.52,130.65,586.1,1.93,0,0.198,2.1,2.3,3.5,1.4,83.36,54.0
2024-12-07,13.82,11.16,8.23,31.87,1663.8,2270.8,1471.9,1211.1,717.0,634.03,84.23,219.92,119.75,130.58,586.21,1.97,0,0.196,2.0,2.2,3.7,1.4,83.35,54.0
2024-12-08,13.85,11.17,8.23,31.91,1666.3,2270.1,1479.1,1213.7,717.9,634.57,84.3,220.33,119.99,130.49,586.33,1.99,0,0.193,1.9,2.1,3.8,1.3,83.34,54.0
2024-12-09,13.87,11.17,8.24,31.95,1669.2,2270.4,1486.1,1216.4,718.8,635.08,84.38,220.76,120.24,130.38,586.45,2.0,0,0.188,1.8,2.0,4.0,1.3,83.33,54.0
2024-12-10,13.89,11.17,8.25,31.99,1672.3,2271.5,1493.0,1219.3,719.7,635.58,84.45,221.22,120.49,130.25,586.57,1.99,0,0.183,1.7,2.1,4.1,1.3,83.32,54.0
2024-12-11,13.91,11.18,8.25,32.03,1675.9,2273.7,1499.7,1222.3,720.8,636.04,84.51,221.71,120.76,130.1,586.69,1.97,0,0.177,1.7,2.2,4.2,1.2,83.31,54.0
2024-12-12,13.93,11.18,8.26,32.07,1680.0,2277.0,1506.3,1225.5,721.8,636.48,84.57,222.23,121.03,129.93,586.81,1.93,0,0.17,1.8,2.3,4.3,1.2,83.3,54.0
2024-12-13,13.95,11.19,8.26,32.1,1684.5,2281.7,1512.7,1228.8,722.9,636.87,84.62,222.77,121.31,129.74,586.93,1.87,0,0.162,1.9,2.3,4.3,1.1,83.29,54.0
2024-12-14,13.97,11.2,8.27,32.14,1689.6,2287.6,1518.9,1232.2,724.1,637.23,84.66,223.34,121.6,129.53,587.05,1.8,0,0.153,2.0,2.4,4.3,1.1,83.28,54.0
2024-12-15,13.99,11.21,8.28,32.17,1695.1,2295.0,1524.8,1235.7,725.3,637.55,84.69,223.94,121.89,129.29,587.17,1.72,0,0.144,2.1,2.5,4.3,1.2,83.27,54.0
2024-12-16,14.0,11.22,8.28,32.2,1701.3,2303.9,1530.6,1239.4,726.6,637.82,84.71,224.57,122.2,129.04,587.29,1.63,0,0.134,2.2,2.6,4.2,1.2,83.27,54.0
2024-12-17,14.02,11.24,8.29,32.23,1708.0,2314.4,1536.1,1243.2,727.9,638.04,84.73,225.23,122.51,128.76,587.41,1.53,0,0.123,2.3,2.6,4.1,1.2,83.26,53.9
2024-12-18,14.03,11.25,8.3,32.26,1715.4,2326.4,1541.4,1247.2,729.3,638.21,84.73,225.91,122.83,128.45,587.52,1.42,0,0.112,2.3,2.7,4.0,1.3,83.25,53.9
2024-12-19,14.05,11.27,8.3,32.29,1723.3,2340.1,1546.5,1251.2,730.7,638.33,84.72,226.62,123.16,128.13,587.63,1.31,0,0.1,2.4,2.7,3.9,1.3,83.24,53.9
2024-12-20,14.06,11.29,8.31,32.31,1731.9,2355.4,1551.3,1255.4,732.2,638.38,84.7,227.35,123.49,127.78,587.73,1.21,0,0.088,2.4,2.8,3.7,1.4,83.23,53.9
2024-12-21,14.07,11.32,8.32,32.33,1741.0,2372.3,1555.9,1259.6,733.7,638.38,84.67,228.11,123.83,127.41,587.83,1.32,0,0.076,2.5,2.8,3.6,1.4,83.22,53.9
2024-12-22,14.09,11.34,8.32,32.36,1750.7,2390.8,1560.3,1264.0,735.2,638.32,84.62,228.9,124.18,127.02,587.92,1.43,0,0.064,2.5,2.8,3.4,1.4,83.21,53.9
2024-12-23,14.1,11.37,8.33,32.37,1761.1,2411.0,1564.4,1268.4,736.9,638.19,84.57,229.71,124.54,126.6,588.0,1.54,0,0.051,2.5,2.8,3.2,1.5,83.2,53.9
2024-12-24,14.11,11.4,8.34,32.39,1772.0,2432.6,1568.3,1273.0,738.5,637.99,84.5,230.54,124.91,126.17,588.08,1.64,0,0.061,2.5,2.8,3.4,1.5,83.2,53.9
2024-12-25,14.11,11.43,8.35,32.41,1783.4,2455.8,1571.9,1277.6,740.3,637.74,84.41,231.4,125.28,125.71,588.15,1.73,0,0.074,2.5,2.8,3.5,1.5,83.19,53.9
2024-12-26,14.12,11.46,8.35,32.42,1795.4,2480.3,1575.3,1282.3,742.0,637.41,84.32,232.28,125.66,125.23,588.2,1.81,0,0.086,2.4,2.8,3.7,1.6,83.18,53.8
2024-12-27,14.13,11.49,8.36,32.43,1807.8,2506.2,1578.5,1287.1,743.9,637.02,84.21,233.18,126.04,124.73,588.25,1.88,0,0.098,2.4,2.7,3.9,1.6,83.18,53.8
2024-12-28,14.14,11.53,8.37,32.44,1820.8,2533.4,1581.5,1291.9,745.7,636.55,84.08,234.1,126.44,124.21,588.29,1.93,0,0.11,2.3,2.7,4.0,1.6,83.17,53.8
2024-12-29,14.14,11.57,8.37,32.45,1834.1,2561.6,1584.3,1296.8,747.7,636.02,83.94,235.04,126.84,123.67,588.32,1.97,0,0.121,2.3,2.6,4.1,1.6,83.16,53.8
2024-12-30,14.14,11.6,8.38,32.46,1847.8,2590.9,1586.9,1301.8,749.6,635.43,83.79,236.01,127.24,123.1,588.33,1.99,0,0.132,2.2,2.6,4.2,1.6,83.16,53.8
2024-12-31,14.15,11.64,8.39,32.46,1861.8,2621.1,1589.3,1306.8,751.7,634.76,83.63,236.99,127.65,122.52,588.33,2.0,0,0.142,2.1,2.5,4.3,1.6,83.15,53.8
2025-01-01,13.93,11.49,8.39,32.07,1793.5,2507.4,1511.6,1309.0,752.3,634.03,83.45,237.53,127.81,121.93,588.32,1.99,0,0.151,2.0,2.4,4.3,1.6,83.15,53.7
2025-01-02,13.93,11.53,8.39,32.07,1808.0,2539.0,1513.7,1314.0,754.4,633.23,83.25,238.54,128.24,121.31,588.29,1.97,0,0.16,1.9,2.4,4.3,1.6,83.14,53.7
2025-01-03,13.94,11.57,8.4,32.07,1822.6,2571.1,1515.7,1319.1,756.6,632.37,83.05,239.57,128.67,120.68,588.25,1.93,0,0.168,1.8,2.3,4.3,1.6,83.14,53.7
2025-01-04,13.94,11.61,8.41,32.07,1837.4,2603.5,1517.5,1324.2,758.8,631.45,82.83,240.62,129.1,120.03,588.19,1.87,0,0.176,1.7,2.2,4.2,1.6,83.13,53.7
2025-01-05,13.94,11.65,8.41,32.07,1852.2,2636.1,1519.3,1329.4,761.0,630.47,82.6,241.67,129.54,119.37,588.12,1.8,0,0.182,1.6,2.1,4.1,1.5,83.13,53.7
2025-01-06,13.94,11.69,8.42,32.07,1867.0,2668.7,1521.0,1334.5,763.3,629.43,82.36,242.74,129.99,118.7,588.03,1.72,0,0.187,1.7,2.0,4.0,1.5,83.13,53.6
2025-01-07,13.94,11.73,8.43,32.06,1881.8,2701.3,1522.6,1339.6,765.7,628.33,82.11,243.82,130.44,118.01,587.92,1.63,0,0.192,1.9,2.1,3.9,1.5,83.12,53.6
2025-01-08,13.94,11.77,8.43,32.06,1896.4,2733.6,1524.2,1344.7,768.0,627.18,81.85,244.91,130.9,117.31,587.79,1.53,0,0.195,2.0,2.2,3.7,1.5,83.12,53.6
2025-01-09,13.93,11.81,8.44,32.05,1910.9,2765.5,1525.7,1349.8,770.5,625.98,81.57,246.01,131.36,116.6,587.65,1.42,0,0.198,2.1,2.2,3.6,1.4,83.12,53.6
2025-01-10,13.93,11.85,8.44,32.05,1925.2,2796.8,1527.3,1354.8,772.9,624.74,81.29,247.12,131.83,115.87,587.48,1.31,0,0.2,2.2,2.3,3.4,1.4,83.12,53.5
2025-01-11,13.93,11.88,8.45,32.04,1939.2,2827.5,1528.8,1359.9,775.4,623.45,81.0,248.23,132.3,115.15,587.3,1.21,0,0.2,2.2,2.4,3.2,1.4,83.12,53.5
2025-01-12,13.93,11.92,8.45,32.03,1952.8,2857.4,1530.4,1364.9,777.9,622.12,80.7,249.35,132.77,114.41,587.09,1.32,0,0.199,2.3,2.5,3.4,1.3,83.11,53.5
2025-01-13,13.93,11.95,8.46,32.03,1966.2,2886.3,1532.1,1369.8,780.5,620.76,80.4,250.47,133.25,113.66,586.86,1.43,0,0.198,2.4,2.5,3.6,1.3,83.11,53.5
2025-01-14,13.93,11.99,8.46,32.02,1979.1,2914.3,1533.9,1374.7,783.1,619.36,80.09,251.59,133.73,112.92,586.62,1.54,0,0.195,2.4,2.6,3.7,1.2,83.11,53.4
2025-01-15,13.92,12.02,8.47,32.02,1991.6,2941.0,1535.7,1379.6,785.7,617.94,79.77,252.72,134.22,112.16,586.34,1.64,0,0.192,2.5,2.7,3.9,1.2,83.11,53.4
2025-01-16,13.92,12.05,8.47,32.01,2003.6,2966.6,1537.7,1384.3,788.3,616.5,79.44,253.84,134.71,111.41,586.05,1.73,0,0.187,2.5,2.7,4.0,1.2,83.12,53.4
2025-01-17,13.92,12.08,8.48,32.01,2015.2,2990.9,1539.7,1389.0,791.0,615.03,79.12,254.96,135.2,110.65,585.74,1.81,0,0.181,2.5,2.7,4.1,1.1,83.12,53.4
2025-01-18,13.92,12.1,8.48,32.0,2026.2,3013.8,1542.0,1393.7,793.7,613.55,78.79,256.09,135.69,109.9,585.4,1.88,0,0.175,2.5,2.8,4.2,1.1,83.12,53.3
2025-01-19,13.92,12.13,8.48,32.0,2036.7,3035.3,1544.4,1398.2,796.4,612.06,78.46,257.2,136.19,109.14,585.03,1.93,0,0.167,2.5,2.8,4.3,1.2,83.12,53.3
2025-01-20,13.92,12.15,8.49,31.99,2046.7,3055.4,1547.0,1402.7,799.1,610.56,78.12,258.31,136.69,108.39,584.65,1.97,0,0.159,2.4,2.8,4.3,1.2,83.12,53.3
2025-01-21,13.92,12.17,8.49,31.99,2056.1,3074.0,1549.8,1407.0,801.9,609.06,77.79,259.42,137.19,107.64,584.23,1.99,0,0.15,2.4,2.8,4.3,1.3,83.13,53.2
2025-01-22,13.92,12.19,8.49,31.99,2065.0,3091.1,1552.9,1411.3,804.6,607.56,77.46,260.51,137.7,106.9,583.8,2.0,0,0.141,2.3,2.8,4.3,1.3,83.13,53.2
2025-01-23,13.93,12.2,8.5,31.99,2073.4,3106.8,1556.2,1415.5,807.4,606.07,77.13,261.6,138.2,106.16,583.34,1.99,0,0.13,2.3,2.8,4.2,1.4,83.13,53.2
2025-01-24,13.93,12.22,8.5,31.99,2081.2,3120.9,1559.7,1419.5,810.2,604.59,76.8,262.68,138.71,105.43,582.85,1.97,0,0.12,2.2,2.7,4.1,1.4,83.14,53.2
2025-01-25,13.93,12.23,8.5,32.0,2088.5,3133.7,1563.5,1423.5,813.0,603.13,76.47,263.74,139.22,104.71,582.34,1.92,0,0.108,2.1,2.7,4.0,1.4,83.14,53.1
2025-01-26,13.94,12.24,8.51,32.0,2095.3,3145.1,1567.5,1427.3,815.8,601.69,76.15,264.8,139.73,104.0,581.81,1.87,0,0.097,2.0,2.6,3.9,1.5,83.15,53.1
2025-01-27,13.94,12.25,8.51,32.01,2101.6,3155.1,1571.8,1431.0,818.6,600.27,75.83,265.83,140.24,103.3,581.25,1.8,0,0.085,1.9,2.6,3.7,1.5,83.15,53.1
2025-01-28,13.95,12.26,8.51,32.02,2107.6,3164.0,1576.5,1434.6,821.4,598.89,75.52,266.86,140.75,102.62,580.66,1.72,0,0.072,1.8,2.5,3.5,1.5,83.16,53.0
2025-01-29,13.96,12.26,8.51,32.03,2113.1,3171.6,1581.4,1438.1,824.2,597.53,75.22,267.86,141.26,101.94,580.05,1.63,0,0.06,1.7,2.5,3.3,1.5,83.17,53.0
2025-01-30,13.96,12.27,8.52,32.04,2118.2,3178.2,1586.6,1441.4,827.1,596.21,74.92,268.85,141.77,101.29,579.41,1.53,0,0.053,1.6,2.4,3.2,1.6,83.17,53.0
2025-01-31,13.97,12.27,8.52,32.05,2123.0,3183.7,1592.1,1444.6,829.9,594.94,74.63,269.82,142.28,100.65,578.75,1.42,0,0.065,1.7,2.3,3.4,1.6,83.18,52.9
2025-02-01,13.98,12.27,8.52,32.07,2127.6,3188.5,1597.9,1447.6,832.7,593.7,74.35,270.77,142.79,100.02,578.06,1.31,0,0.077,1.8,2.2,3.6,1.6,83.19,52.9
2025-02-02,13.99,12.27,8.52,32.09,2131.8,3192.4,1604.0,1450.6,835.5,592.52,74.08,271.7,143.29,99.42,577.35,1.21,0,0.09,2.0,2.1,3.8,1.6,83.2,52.9
2025-02-03,14.01,12.27,8.53,32.1,2135.9,3195.7,1610.4,1453.3,838.2,591.38,73.82,272.61,143.8,98.83,576.61,1.32,0,0.101,2.1,2.0,3.9,1.6,83.21,52.8
2025-02-04,14.02,12.27,8.53,32.13,2139.9,3198.6,1617.2,1456.0,841.0,590.3,73.57,273.5,144.31,98.26,575.85,1.43,0,0.113,2.1,2.0,4.0,1.6,83.21,52.8
2025-02-05,14.03,12.27,8.53,32.15,2143.7,3201.0,1624.2,1458.5,843.8,589.27,73.34,274.36,144.81,97.72,575.06,1.54,0,0.124,2.2,2.1,4.1,1.6,83.22,52.8
2025-02-06,14.05,12.27,8.53,32.18,2147.5,3203.2,1631.5,1460.8,846.5,588.31,73.11,275.19,145.31,97.2,574.25,1.64,0,0.135,2.3,2.2,4.2,1.6,83.23,52.7
2025-02-07,14.07,12.27,8.53,32.21,2151.3,3205.2,1639.1,1463.0,849.2,587.4,72.9,276.0,145.81,96.7,573.42,1.73,0,0.145,2.4,2.3,4.3,1.6,83.24,52.7
2025-02-08,14.08,12.27,8.53,32.23,2155.2,3207.3,1646.9,1465.1,851.9,586.56,72.69,276.79,146.31,96.22,572.56,1.81,0,0.154,2.4,2.4,4.3,1.6,83.25,52.6
2025-02-09,14.1,12.27,8.54,32.27,2159.2,3209.5,1655.0,1467.0,854.5,585.78,72.51,277.55,146.8,95.77,571.68,1.88,0,0.163,2.5,2.5,4.3,1.5,83.27,52.6
2025-02-10,14.12,12.27,8.54,32.3,2163.3,3212.0,1663.4,1468.8,857.2,585.06,72.33,278.28,147.3,95.34,570.78,1.93,0,0.171,2.5,2.5,4.3,1.5,83.28,52.6
2025-02-11,14.14,12.27,8.54,32.34,2167.6,3214.8,1672.0,1470.4,859.8,584.41,72.17,278.98,147.78,94.94,569.86,1.97,0,0.178,2.5,2.6,4.2,1.5,83.29,52.5
2025-02-12,14.16,12.28,8.54,32.37,2172.1,3218.2,1680.8,1471.9,862.3,583.83,72.02,279.65,148.27,94.56,568.91,1.99,0,0.184,2.5,2.6,4.1,1.5,83.3,52.5
2025-02-13,14.19,12.28,8.54,32.41,2177.0,3222.1,1689.9,1473.3,864.9,583.32,71.89,280.29,148.75,94.22,567.94,2.0,0,0.189,2.5,2.7,4.0,1.4,83.31,52.5
2025-02-14,14.21,12.29,8.54,32.46,2182.1,3226.7,1699.1,1474.5,867.4,582.88,71.76,280.9,149.23,93.89,566.96,1.99,0,0.193,2.5,2.7,3.8,1.4,83.33,52.4
2025-02-15,14.23,12.29,8.54,32.5,2187.5,3232.1,1708.5,1475.5,869.8,582.5,71.66,281.48,149.7,93.6,565.95,1.97,0,0.196,2.4,2.8,3.7,1.4,83.34,52.4
2025-02-16,14.26,12.3,8.54,32.54,2193.3,3238.3,1718.0,1476.5,872.3,582.19,71.56,282.03,150.17,93.34,564.92,1.92,0,0.199,2.4,2.8,3.5,1.3,83.35,52.3
2025-02-17,14.28,12.31,8.54,32.59,2199.4,3245.4,1727.7,1477.3,874.6,581.95,71.48,282.55,150.63,93.1,563.88,1.87,0,0.2,2.3,2.8,3.3,1.3,83.36,52.3
2025-02-18,14.31,12.32,8.54,32.63,2205.9,3253.5,1737.5,1477.9,876.9,581.77,71.42,283.03,151.09,92.89,562.82,1.8,0,0.2,2.2,2.8,3.3,1.2,83.38,52.3
2025-02-19,14.34,12.33,8.54,32.68,2212.9,3262.6,1747.4,1478.5,879.2,581.66,71.36,283.49,151.54,92.71,561.74,1.72,0,0.199,2.1,2.8,3.4,1.2,83.39,52.2
2025-02-20,14.36,12.34,8.54,32.73,2220.2,3272.7,1757.4,1478.9,881.5,581.61,71.32,283.91,151.98,92.56,560.65,1.63,0,0.197,2.0,2.8,3.6,1.1,83.41,52.2
2025-02-21,14.39,12.36,8.55,32.78,2228.0,3283.9,1767.3,1479.2,883.6,581.63,71.29,284.3,152.43,92.44,559.54,1.53,0,0.194,1.9,2.7,3.8,1.1,83.42,52.1
2025-02-22,14.42,12.38,8.55,32.83,2236.1,3296.1,1777.4,1479.4,885.8,581.7,71.28,284.65,152.86,92.34,558.41,1.42,0,0.19,1.8,2.7,3.9,1.2,83.44,52.1
2025-02-23,14.45,12.39,8.55,32.88,2244.6,3309.2,1787.4,1479.5,887.8,581.83,71.27,284.97,153.29,92.28,557.28,1.31,0,0.185,1.7,2.7,4.1,1.2,83.45,52.1
2025-02-24,14.47,12.41,8.55,32.93,2253.4,3323.4,1797.4,1479.4,889.8,582.01,71.28,285.26,153.71,92.24,556.13,1.21,0,0.179,1.6,2.6,4.2,1.2,83.47,52.0
2025-02-25,14.5,12.44,8.55,32.99,2262.7,3338.6,1807.3,1479.3,891.8,582.24,71.29,285.52,154.13,92.23,554.97,1.32,0,0.173,1.7,2.5,4.2,1.3,83.48,52.0
2025-02-26,14.53,12.46,8.55,33.04,2272.2,3354.6,1817.2,1479.0,893.7,582.53,71.32,285.74,154.53,92.25,553.8,1.43,0,0.165,1.8,2.5,4.3,1.3,83.5,51.9
2025-02-27,14.56,12.48,8.55,33.09,2281.9,3371.4,1826.9,1478.7,895.5,582.86,71.35,285.93,154.93,92.3,552.61,1.54,0,0.157,1.9,2.4,4.3,1.4,83.51,51.9
2025-02-28,14.59,12.51,8.55,33.14,2292.0,3389.0,1836.6,1478.3,897.2,583.22,71.4,286.09,155.33,92.37,551.42,1.64,0,0.148,2.0,2.3,4.3,1.4,83.53,51.9
2025-03-01,14.82,12.72,8.55,33.57,2378.7,3542.2,1921.1,1477.8,898.9,583.63,71.45,286.22,155.71,92.47,550.23,1.73,0,0.138,2.1,2.2,4.2,1.4,83.54,51.8
2025-03-02,14.85,12.74,8.55,33.62,2389.0,3561.0,1930.4,1477.2,900.6,584.07,71.51,286.31,156.09,92.6,549.02,1.81,0,0.127,2.2,2.2,4.2,1.5,83.56,51.8
2025-03-03,14.87,12.77,8.55,33.67,2399.4,3580.2,1939.5,1476.5,902.1,584.55,71.57,286.37,156.46,92.75,547.81,1.88,0,0.116,2.3,2.1,4.1,1.5,83.58,51.7
2025-03-04,14.9,12.8,8.55,33.72,2410.0,3599.7,1948.5,1475.8,903.6,585.05,71.64,286.41,156.82,92.92,546.6,1.93,0,0.105,2.4,2.0,3.9,1.5,83.59,51.7
2025-03-05,14.93,12.83,8.55,33.77,2420.4,3619.4,1957.2,1475.0,905.0,585.57,71.72,286.41,157.17,93.12,545.38,1.97,0,0.093,2.4,2.1,3.8,1.5,83.61,51.6
2025-03-06,14.95,12.86,8.55,33.81,2430.8,3639.2,1965.6,1474.1,906.4,586.11,71.79,286.38,157.52,93.35,544.17,1.99,0,0.081,2.5,2.2,3.6,1.6,83.62,51.6
2025-03-07,14.98,12.89,8.55,33.86,2441.1,3658.9,1973.8,1473.2,907.7,586.66,71.87,286.32,157.85,93.59,542.95,2.0,0,0.069,2.5,2.3,3.5,1.6,83.64,51.6
2025-03-08,15.0,12.91,8.55,33.91,2451.2,3678.4,1981.7,1472.3,908.9,587.22,71.96,286.23,158.18,93.86,541.73,1.99,0,0.056,2.5,2.4,3.3,1.6,83.66,51.5
2025-03-09,15.02,12.94,8.55,33.95,2461.0,3697.5,1989.2,1471.3,910.0,587.79,72.04,286.11,158.49,94.15,540.51,1.97,0,0.056,2.5,2.4,3.3,1.6,83.67,51.5
2025-03-10,15.05,12.97,8.55,33.99,2470.6,3716.2,1996.5,1470.3,911.0,588.35,72.13,285.96,158.8,94.46,539.29,1.92,0,0.069,2.5,2.5,3.5,1.6,83.69,51.4
2025-03-11,15.07,13.0,8.55,34.03,2479.7,3734.2,2003.4,1469.2,912.0,588.92,72.21,285.79,159.09,94.78,538.08,1.87,0,0.081,2.5,2.6,3.6,1.6,83.71,51.4
2025-03-12,15.09,13.02,8.55,34.07,2488.5,3751.4,2010.0,1468.1,912.9,589.47,72.29,285.59,159.38,95.13,536.88,1.8,0,0.093,2.4,2.6,3.8,1.6,83.72,51.4
2025-03-13,15.11,13.04,8.54,34.11,2496.7,3767.7,2016.2,1467.0,913.7,590.02,72.38,285.37,159.66,95.49,535.68,1.72,0,0.105,2.4,2.7,4.0,1.6,83.74,51.3
2025-03-14,15.13,13.07,8.54,34.14,2504.5,3783.0,2022.1,1465.9,914.5,590.54,72.45,285.12,159.92,95.87,534.48,1.62,0,0.116,2.3,2.7,4.1,1.6,83.75,51.3
2025-03-15,15.14,13.09,8.54,34.17,2511.6,3797.1,2027.6,1464.8,915.1,591.05,72.53,284.85,160.18,96.27,533.3,1.52,0,0.127,2.2,2.8,4.2,1.6,83.77,51.2
2025-03-16,15.16,13.11,8.54,34.21,2518.1,3809.9,2032.7,1463.7,915.7,591.53,72.59,284.55,160.42,96.68,532.12,1.42,0,0.138,2.1,2.8,4.2,1.5,83.79,51.2
2025-03-17,15.17,13.12,8.54,34.23,2523.9,3821.4,2037.4,1462.6,916.2,591.98,72.66,284.23,160.66,97.1,530.96,1.3,0,0.148,2.0,2.8,4.3,1.5,83.8,51.1
2025-03-18,15.19,13.14,8.54,34.26,2529.0,3831.3,2041.7,1461.5,916.6,592.4,72.71,283.89,160.88,97.53,529.81,1.21,0,0.157,1.9,2.8,4.3,1.5,83.82,51.1
2025-03-19,15.2,13.15,8.54,34.28,2533.4,3839.8,2045.6,1460.4,917.0,592.78,72.76,283.53,161.09,97.98,528.67,1.32,0,0.165,1.8,2.8,4.3,1.4,83.83,51.1
2025-03-20,15.21,13.16,8.54,34.3,2536.9,3846.5,2049.1,1459.3,917.2,593.12,72.81,283.15,161.29,98.43,527.55,1.43,0,0.173,1.7,2.8,4.2,1.4,83.85,51.0
2025-03-21,15.22,13.17,8.54,34.32,2539.7,3851.6,2052.2,1458.3,917.4,593.43,72.84,282.75,161.48,98.89,526.44,1.54,0,0.18,1.6,2.8,4.2,1.4,83.86,51.0
2025-03-22,15.23,13.18,8.54,34.34,2541.6,3854.9,2054.9,1457.3,917.5,593.68,72.86,282.34,161.66,99.36,525.35,1.64,0,0.185,1.7,2.7,4.1,1.3,83.88,50.9
2025-03-23,15.24,13.18,8.54,34.35,2542.8,3856.5,2057.2,1456.3,917.5,593.89,72.88,281.91,161.83,99.84,524.27,1.73,0,0.19,1.8,2.7,3.9,1.3,83.89,50.9
2025-03-24,15.24,13.18,8.54,34.36,2543.1,3856.2,2059.2,1455.4,917.5,594.04,72.88,281.46,161.98,100.32,523.22,1.81,0,0.194,1.9,2.6,3.8,1.2,83.91,50.9
2025-03-25,15.25,13.18,8.53,34.37,2542.5,3854.1,2060.7,1454.5,917.4,594.14,72.88,281.0,162.13,100.81,522.18,1.88,0,0.197,2.0,2.6,3.6,1.2,83.92,50.8
2025-03-26,15.25,13.17,8.53,34.38,2541.1,3850.2,2061.9,1453.7,917.1,594.19,72.86,280.53,162.26,101.3,521.17,1.93,0,0.199,2.1,2.5,3.4,1.2,83.94,50.8
2025-03-27,15.25,13.16,8.53,34.38,2539.0,3844.6,2062.8,1452.9,916.9,594.17,72.84,280.04,162.38,101.79,520.18,1.97,0,0.2,2.2,2.4,3.3,1.1,83.95,50.7
2025-03-28,15.25,13.15,8.53,34.38,2536.0,3837.2,2063.3,1452.2,916.5,594.1,72.8,279.55,162.49,102.28,519.21,1.99,0,0.2,2.3,2.3,3.3,1.1,83.97,50.7
2025-03-29,15.25,13.14,8.53,34.38,2532.2,3828.1,2063.4,1451.5,916.1,593.97,72.75,279.04,162.58,102.78,518.27,2.0,0,0.199,2.4,2.3,3.5,1.2,83.98,50.7
2025-03-30,15.25,13.12,8.53,34.38,2527.6,3817.3,2063.2,1450.9,915.6,593.77,72.68,278.53,162.67,103.27,517.35,1.99,0,0.196,2.4,2.2,3.7,1.2,83.99,50.6
2025-03-31,15.25,13.11,8.53,34.38,2522.4,3805.0,2062.7,1450.4,915.0,593.52,72.61,278.01,162.74,103.76,516.46,1.96,0,0.193,2.5,2.1,3.8,1.3,84.01,50.6
2025-04-01,15.25,13.09,8.52,34.37,2516.5,3791.2,2062.0,1449.9,914.3,593.2,72.52,277.48,162.8,104.25,515.59,1.92,0,0.189,2.5,2.0,4.0,1.3,84.02,50.5
2025-04-02,15.24,13.07,8.52,34.36,2510.0,3776.1,2060.9,1449.5,913.6,592.82,72.42,276.95,162.84,104.73,514.76,1.87,0,0.184,2.5,2.1,4.1,1.3,84.03,50.5
2025-04-03,15.24,13.04,8.52,34.35,2502.9,3759.7,2059.6,1449.2,912.8,592.38,72.31,276.41,162.88,105.21,513.95,1.8,0,0.178,2.5,2.2,4.2,1.4,84.04,50.5
2025-04-04,15.23,13.02,8.52,34.33,2495.2,3742.1,2058.1,1448.9,911.9,591.87,72.18,275.87,162.9,105.69,513.17,1.72,0,0.171,2.5,2.3,4.3,1.4,84.05,50.4
2025-04-05,15.22,12.99,8.52,34.32,2487.2,3723.5,2056.3,1448.8,911.0,591.3,72.05,275.33,162.91,106.15,512.43,1.62,0,0.163,2.5,2.3,4.3,1.5,84.07,50.4
2025-04-06,15.21,12.96,8.52,34.3,2478.7,3704.1,2054.3,1448.7,910.0,590.67,71.9,274.79,162.91,106.61,511.71,1.52,0,0.154,2.4,2.4,4.3,1.5,84.08,50.4
2025-04-07,15.2,12.93,8.51,34.29,2469.8,3683.8,2052.1,1448.7,908.9,589.99,71.74,274.25,162.89,107.07,511.03,1.42,0,0.145,2.4,2.5,4.3,1.5,84.09,50.3
2025-04-08,15.2,12.9,8.51,34.27,2460.7,3663.0,2049.8,1448.7,907.8,589.24,71.57,273.7,162.87,107.51,510.38,1.3,0,0.135,2.3,2.6,4.2,1.5,84.1,50.3
2025-04-09,15.18,12.87,8.51,34.25,2451.3,3641.7,2047.4,1448.9,906.6,588.45,71.39,273.17,162.83,107.95,509.77,1.21,0,0.124,2.2,2.6,4.1,1.6,84.11,50.2
2025-04-10,15.17,12.84,8.51,34.22,2441.8,3620.1,2044.8,1449.1,905.3,587.59,71.2,272.63,162.77,108.37,509.19,1.32,0,0.113,2.1,2.7,4.0,1.6,84.12,50.2
2025-04-11,15.16,12.8,8.51,34.2,2432.2,3598.3,2042.1,1449.4,904.0,586.69,71.0,272.1,162.71,108.79,508.65,1.44,0,0.101,2.1,2.7,3.9,1.6,84.13,50.2
2025-04-12,15.15,12.77,8.51,34.18,2422.7,3576.5,2039.4,1449.8,902.7,585.74,70.78,271.57,162.63,109.2,508.14,1.54,0,0.089,1.9,2.8,3.8,1.6,84.13,50.1
2025-04-13,15.14,12.74,8.51,34.15,2413.0,3554.8,2036.5,1450.2,901.2,584.74,70.57,271.05,162.54,109.59,507.67,1.64,0,0.077,1.8,2.8,3.6,1.6,84.14,50.1
2025-04-14,15.13,12.7,8.5,34.13,2403.6,3533.3,2033.7,1450.7,899.8,583.7,70.34,270.54,162.44,109.98,507.23,1.73,0,0.065,1.7,2.8,3.4,1.6,84.15,50.1
2025-04-15,15.11,12.67,8.5,34.1,2394.3,3512.3,2030.8,1451.4,898.2,582.63,70.1,270.04,162.33,110.35,506.83,1.81,0,0.052,1.6,2.8,3.2,1.6,84.16,50.0
2025-04-16,15.1,12.64,8.5,34.07,2385.1,3491.7,2028.0,1452.0,896.6,581.51,69.86,269.54,162.2,110.71,506.48,1.88,0,0.06,1.7,2.8,3.3,1.6,84.16,50.0
2025-04-17,15.09,12.61,8.5,34.05,2376.3,3471.8,2025.1,1452.8,895.0,580.37,69.61,269.05,162.06,111.06,506.15,1.93,0,0.072,1.8,2.8,3.5,1.6,84.17,50.0
2025-04-18,15.07,12.58,8.5,34.02,2367.8,3452.6,2022.3,1453.6,893.3,579.19,69.36,268.57,161.91,111.39,505.87,1.97,0,0.085,1.9,2.8,3.7,1.6,84.18,49.9
2025-04-19,15.06,12.55,8.5,34.0,2359.6,3434.3,2019.5,1454.5,891.6,578.0,69.1,268.11,161.75,111.72,505.63,1.99,0,0.097,2.0,2.7,3.9,1.5,84.18,49.9
2025-04-20,15.05,12.52,8.5,33.97,2351.9,3416.9,2016.9,1455.5,889.9,576.78,68.84,267.65,161.58,112.03,505.43,2.0,0,0.108,2.1,2.7,4.0,1.5,84.19,49.9
2025-04-21,15.04,12.5,8.49,33.94,2344.6,3400.5,2014.3,1456.5,888.1,575.55,68.57,267.21,161.39,112.33,505.26,1.99,0,0.12,2.2,2.6,4.1,1.5,84.19,49.8
2025-04-22,15.02,12.47,8.49,33.92,2337.8,3385.2,2011.8,1457.6,886.2,574.31,68.31,266.78,161.19,112.61,505.14,1.96,0,0.131,2.3,2.6,4.2,1.5,84.2,49.8
2025-04-23,15.01,12.45,8.49,33.89,2331.4,3371.0,2009.4,1458.7,884.4,573.06,68.04,266.36,160.98,112.89,505.05,1.92,0,0.141,2.3,2.5,4.3,1.4,84.2,49.8
2025-04-24,15.0,12.43,8.49,33.87,2325.6,3358.0,2007.1,1459.9,882.5,571.8,67.77,265.95,160.76,113.15,505.01,1.87,0,0.15,2.4,2.4,4.3,1.4,84.2,49.8
2025-04-25,14.99,12.41,8.49,33.84,2320.2,3346.2,2005.0,1461.1,880.5,570.55,67.51,265.56,160.53,113.4,505.0,1.8,0,0.159,2.4,2.4,4.3,1.4,84.21,49.7
2025-04-26,14.98,12.39,8.49,33.82,2315.4,3335.5,2003.0,1462.4,878.6,569.31,67.24,265.19,160.29,113.64,505.04,1.72,0,0.168,2.5,2.3,4.3,1.3,84.21,49.7
2025-04-27,14.97,12.37,8.49,33.8,2311.2,3326.1,2001.2,1463.7,876.6,568.08,66.98,264.83,160.03,113.87,505.11,1.62,0,0.175,2.5,2.2,4.2,1.3,84.21,49.7
2025-04-28,14.96,12.35,8.49,33.78,2307.5,3317.8,1999.6,1465.0,874.6,566.86,66.72,264.48,159.77,114.08,505.23,1.52,0,0.181,2.5,2.1,4.1,1.2,84.21,49.6
2025-04-29,14.95,12.34,8.49,33.76,2304.2,3310.6,1998.1,1466.4,872.5,565.66,66.46,264.15,159.49,114.29,505.38,1.41,0,0.187,2.5,2.0,4.0,1.2,84.22,49.6
2025-04-30,14.94,12.33,8.49,33.74,2301.5,3304.6,1996.8,1467.8,870.5,564.49,66.21,263.83,159.2,114.49,505.58,1.3,0,0.192,2.5,2.1,3.9,1.1,84.22,49.6
2025-05-01,14.93,12.32,8.49,33.72,2299.2,3299.6,1995.6,1469.2,868.4,563.34,65.97,263.53,158.91,114.67,505.81,1.21,0,0.195,2.4,2.1,3.7,1.1,84.22,49.6
2025-05-02,14.92,12.31,8.49,33.7,2297.4,3295.6,1994.6,1470.6,866.3,562.23,65.73,263.25,158.6,114.85,506.08,1.32,0,0.198,2.4,2.2,3.6,1.1,84.22,49.5
2025-05-03,14.91,12.3,8.49,33.69,2296.0,3292.5,1993.8,1472.1,864.2,561.15,65.5,262.98,158.28,115.02,506.4,1.44,0,0.199,2.3,2.3,3.4,1.2,84.22,49.5
2025-05-04,14.91,12.29,8.49,33.67,2294.9,3290.2,1993.2,1473.5,862.1,560.12,65.28,262.73,157.95,115.18,506.75,1.54,0,0.2,2.2,2.4,3.2,1.2,84.22,49.5
2025-05-05,14.9,12.29,8.49,33.66,2294.2,3288.6,1992.7,1474.9,859.9,559.13,65.07,262.49,157.61,115.33,507.13,1.64,0,0.2,2.2,2.5,3.4,1.3,84.21,49.5
2025-05-06,14.9,12.28,8.49,33.65,2293.8,3287.6,1992.4,1476.4,857.8,558.18,64.87,262.27,157.26,115.48,507.56,1.73,0,0.198,2.1,2.5,3.6,1.3,84.21,49.4
2025-05-07,14.89,12.28,8.49,33.64,2293.6,3287.1,1992.2,1477.8,855.7,557.29,64.68,262.07,156.91,115.61,508.02,1.81,0,0.195,2.0,2.6,3.7,1.4,84.21,49.4
2025-05-08,14.89,12.28,8.49,33.63,2293.7,3287.0,1992.2,1479.2,853.5,556.45,64.5,261.88,156.54,115.75,508.52,1.88,0,0.192,1.9,2.7,3.9,1.4,84.21,49.4
2025-05-09,14.88,12.27,8.49,33.62,2293.8,3287.1,1992.3,1480.5,851.4,555.67,64.33,261.7,156.16,115.88,509.06,1.93,0,0.65,1.7,2.7,4.0,1.4,84.2,49.4
2025-05-10,14.88,12.27,8.49,33.62,2294.0,3287.3,1992.5,1481.9,849.2,554.95,64.17,261.54,155.78,116.0,509.63,1.97,0,0.182,1.6,2.7,4.1,1.5,84.2,49.3
2025-05-11,14.88,12.27,8.49,33.61,2294.1,3287.4,1992.8,1483.1,847.1,554.29,64.03,261.4,155.38,116.12,510.23,1.99,0,0.175,1.7,2.8,4.2,1.5,84.2,49.3
2025-05-12,14.88,12.27,8.49,33.61,2294.4,3287.5,1993.3,1484.4,844.9,553.69,63.9,261.27,154.98,116.24,510.87,2.0,0,0.168,1.8,2.8,4.3,1.5,84.19,49.3
2025-05-13,14.88,12.27,8.49,33.6,2294.4,3287.2,1993.8,1485.6,842.8,553.16,63.78,261.15,154.57,116.36,511.55,1.99,0,0.16,1.9,2.8,4.3,1.5,84.19,49.3
2025-05-14,14.88,12.26,8.49,33.6,2294.4,3286.6,1994.4,1486.7,840.7,552.7,63.68,261.04,154.15,116.47,512.25,1.96,0,0.151,2.0,2.8,4.3,1.6,84.18,49.3
2025-05-15,14.88,12.26,8.49,33.6,2294.1,3285.4,1995.0,1487.8,838.5,552.31,63.59,260.95,153.72,116.59,512.99,1.92,0,0.142,2.1,2.8,4.3,1.6,84.18,49.2
2025-05-16,14.88,12.26,8.49,33.6,2293.5,3283.5,1995.7,1488.8,836.4,551.99,63.52,260.87,153.29,116.7,513.76,1.87,0,0.132,2.2,2.8,4.2,1.6,84.17,49.2
2025-05-17,14.88,12.25,8.49,33.6,2292.6,3280.9,1996.3,1489.8,834.3,551.74,63.46,260.81,152.85,116.82,514.56,1.8,0,0.121,2.3,2.7,4.1,1.6,84.17,49.2
2025-05-18,14.88,12.25,8.5,33.6,2291.5,3277.5,1997.0,1490.7,832.2,551.56,63.42,260.75,152.4,116.94,515.39,1.71,0,0.109,2.3,2.7,4.0,1.6,84.16,49.2
2025-05-19,14.88,12.24,8.5,33.6,2289.8,3273.0,1997.7,1491.4,830.2,551.45,63.39,260.71,151.94,117.06,516.25,1.62,0,0.098,2.4,2.7,3.9,1.6,84.16,49.2
2025-05-20,14.88,12.23,8.5,33.61,2287.7,3267.5,1998.3,1492.1,828.1,551.42,63.37,260.67,151.48,117.18,517.13,1.52,0,0.086,2.4,2.6,3.7,1.6,84.15,49.2
2025-05-21,14.88,12.22,8.5,33.61,2285.2,3260.9,1998.8,1492.7,826.1,551.45,63.37,260.64,151.01,117.31,518.04,1.41,0,0.074,2.5,2.5,3.5,1.6,84.14,49.1
2025-05-22,14.88,12.21,8.5,33.61,2282.0,3253.0,1999.3,1493.2,824.1,551.56,63.38,260.62,150.53,117.44,518.98,1.3,0,0.061,2.5,2.5,3.4,1.6,84.13,49.1
2025-05-23,14.89,12.2,8.5,33.62,2278.4,3243.9,1999.6,1493.6,822.1,551.74,63.41,260.61,150.05,117.58,519.94,1.21,0,0.051,2.5,2.4,3.2,1.6,84.13,49.1
2025-05-24,14.89,12.19,8.5,33.62,2274.1,3233.5,1999.8,1493.9,820.1,551.99,63.46,260.61,149.56,117.72,520.93,1.33,0,0.064,2.5,2.3,3.4,1.5,84.12,49.1
2025-05-25,14.89,12.17,8.5,33.62,2269.3,3221.8,1999.9,1494.1,818.2,552.3,63.51,260.61,149.07,117.87,521.94,1.44,0,0.076,2.5,2.2,3.6,1.5,84.11,49.1
2025-05-26,14.89,12.16,8.5,33.63,2263.9,3208.8,1999.8,1494.2,816.3,552.68,63.58,260.62,148.57,118.03,522.97,1.54,0,0.088,2.4,2.1,3.7,1.5,84.1,49.1
2025-05-27,14.89,12.14,8.5,33.63,2257.9,3194.4,1999.5,1494.1,814.4,553.12,63.66,260.63,148.07,118.19,524.02,1.64,0,0.1,2.4,2.1,3.9,1.4,84.09,49.1
2025-05-28,14.89,12.12,8.51,33.63,2251.2,3178.7,1999.0,1493.9,812.5,553.62,63.76,260.64,147.56,118.36,525.09,1.73,0,0.112,2.3,2.0,4.0,1.4,84.08,49.1
2025-05-29,14.89,12.1,8.51,33.64,2244.0,3161.7,1998.3,1493.6,810.7,554.19,63.87,260.66,147.05,118.54,526.17,1.81,0,0.123,2.3,2.1,4.1,1.4,84.07,49.1
2025-05-30,14.89,12.08,8.51,33.64,2236.1,3143.4,1997.3,1493.2,808.9,554.8,63.99,260.68,146.53,118.73,527.28,1.88,0,0.134,2.2,2.2,4.2,1.3,84.07,49.0
2025-05-31,14.89,12.05,8.51,33.64,2227.7,3124.0,1996.1,1492.6,807.1,555.47,64.12,260.7,146.01,118.93,528.4,1.93,0,0.144,2.1,2.3,4.3,1.3,84.06,49.0
2025-06-01,15.04,12.03,8.62,33.64,2218.7,3103.4,1994.6,1491.9,805.4,556.19,64.26,260.72,145.49,119.14,529.53,3.77,1,0.153,2.8,2.4,5.5,1.3,84.05,49.0
2025-06-02,15.04,12.0,8.62,33.64,2209.1,3081.7,1992.8,1491.0,803.7,556.96,64.41,260.74,144.96,119.36,530.68,3.79,1,0.162,2.7,2.5,5.5,1.2,84.04,49.0
2025-06-03,15.03,11.97,8.62,33.64,2199.0,3059.1,1990.6,1490.0,802.0,557.76,64.56,260.75,144.43,119.59,531.84,3.8,1,0.17,2.6,2.5,5.5,1.2,84.03,49.0
2025-06-04,15.03,11.94,8.62,33.63,2188.5,3035.6,1988.2,1488.9,800.4,558.61,64.73,260.76,143.9,119.83,533.02,3.79,1,0.177,2.5,2.6,5.4,1.1,84.02,49.0
2025-06-05,15.03,11.91,8.62,33.63,2177.5,3011.3,1985.4,1487.6,798.7,559.49,64.9,260.77,143.36,120.08,534.2,3.76,1,0.183,2.5,2.6,5.3,1.1,84.01,49.0
2025-06-06,15.02,11.88,8.62,33.62,2166.2,2986.4,1982.2,1486.2,797.2,560.4,65.08,260.77,142.82,120.34,535.39,3.72,1,0.188,2.6,2.7,5.2,1.2,84.0,49.0
2025-06-07,15.02,11.85,8.62,33.61,2154.5,2961.0,1978.7,1484.6,795.6,561.33,65.27,260.77,142.28,120.61,536.59,3.67,1,0.193,2.7,2.7,5.0,1.2,83.99,49.0
2025-06-08,15.01,11.82,8.61,33.61,2142.5,2935.2,1974.8,1482.8,794.1,562.29,65.46,260.76,141.74,120.9,537.79,3.6,1,0.196,2.8,2.8,4.9,1.3,83.98,49.0
2025-06-09,15.0,11.79,8.61,33.59,2130.3,2909.2,1970.5,1481.0,792.6,563.27,65.65,260.74,141.2,121.19,539.0,3.51,1,0.198,2.9,2.8,4.7,1.3,83.97,49.0
2025-06-10,15.0,11.76,8.61,33.58,2117.9,2883.1,1965.8,1478.9,791.2,564.26,65.85,260.71,140.66,121.49,540.22,3.42,1,0.2,3.0,2.8,4.5,1.3,83.96,49.0
2025-06-11,14.99,11.72,8.61,33.57,2105.3,2857.0,1960.7,1476.8,789.8,565.26,66.05,260.67,140.11,121.81,541.44,3.32,1,0.2,3.1,2.8,4.4,1.4,83.95,49.0
2025-06-12,14.98,11.69,8.61,33.55,2092.7,2831.0,1955.3,1474.4,788.4,566.26,66.25,260.63,139.57,122.14,542.66,3.21,1,0.199,3.1,2.8,4.6,1.4,83.94,49.0
2025-06-13,14.96,11.66,8.61,33.53,2080.1,2805.4,1949.4,1472.0,787.1,567.26,66.45,260.56,139.02,122.47,543.87,3.1,1,0.197,3.2,2.8,4.8,1.5,83.92,49.0
2025-06-14,14.95,11.63,8.61,33.51,2067.5,2780.3,1943.1,1469.4,785.8,568.26,66.65,260.49,138.47,122.82,545.09,3.01,1,0.195,3.2,2.7,5.0,1.5,83.91,49.0
2025-06-15,14.94,11.6,8.6,33.49,2055.0,2755.8,1936.5,1466.6,784.5,569.25,66.85,260.41,137.93,123.17,546.31,3.13,1,0.191,3.3,2.7,5.1,1.5,83.9,49.0
2025-06-16,14.92,11.57,8.6,33.46,2042.7,2732.0,1929.4,1463.7,783.2,570.23,67.05,260.3,137.38,123.54,547.53,3.24,1,0.186,3.3,2.7,5.2,1.5,83.89,49.0
2025-06-17,14.91,11.54,8.6,33.44,2030.5,2709.0,1922.0,1460.7,782.0,571.19,67.24,260.19,136.84,123.91,548.74,3.34,1,0.18,3.3,2.6,5.4,1.6,83.88,49.0
2025-06-18,14.89,11.52,8.6,33.41,2018.7,2687.1,1914.1,1457.5,780.9,572.12,67.43,260.06,136.3,124.3,549.94,3.44,1,0.173,3.3,2.6,5.4,1.6,83.87,49.0
2025-06-19,14.87,11.49,8.59,33.38,2007.1,2666.2,1905.9,1454.2,779.7,573.04,67.62,259.91,135.76,124.69,551.14,3.53,1,0.166,3.3,2.5,5.5,1.6,83.86,49.0
2025-06-20,14.85,11.47,8.59,33.34,1995.8,2646.6,1897.3,1450.7,778.6,573.92,67.8,259.74,135.22,125.08,552.33,3.61,1,0.158,3.2,2.4,5.5,1.6,83.85,49.0
2025-06-21,14.83,11.45,8.59,33.31,1985.0,2628.2,1888.4,1447.2,777.5,574.77,67.97,259.56,134.68,125.49,553.51,3.68,1,0.148,3.2,2.3,5.5,1.6,83.84,49.0
2025-06-22,14.81,11.43,8.58,33.27,1974.6,2611.2,1879.1,1443.5,776.5,575.58,68.14,259.35,134.14,125.9,554.69,3.73,1,0.139,3.1,2.3,5.4,1.6,83.84,49.0
2025-06-23,14.79,11.41,8.58,33.23,1964.6,2595.6,1869.5,1439.7,775.5,576.35,68.3,259.13,133.61,126.31,555.85,3.77,1,0.128,3.1,2.2,5.4,1.6,83.83,49.1
2025-06-24,14.76,11.39,8.57,33.19,1955.0,2581.5,1859.5,1435.7,774.5,577.08,68.45,258.89,133.08,126.73,557.0,3.79,1,0.117,3.0,2.1,5.3,1.6,83.82,49.1
2025-06-25,14.74,11.38,8.57,33.15,1946.0,2568.9,1849.3,1431.7,773.5,577.77,68.59,258.63,132.55,127.15,558.14,3.8,1,0.106,2.9,2.0,5.2,1.6,83.81,49.1
2025-06-26,14.71,11.36,8.56,33.1,1937.6,2557.9,1838.8,1427.5,772.6,578.4,68.72,258.34,132.03,127.58,559.27,3.79,1,0.094,2.8,2.1,5.0,1.6,83.8,49.1
2025-06-27,14.69,11.35,8.56,33.05,1929.6,2548.5,1828.0,1423.3,771.6,578.99,68.85,258.04,131.5,128.01,560.38,3.76,1,0.082,2.7,2.2,4.9,1.5,83.79,49.1
2025-06-28,14.66,11.34,8.55,33.01,1922.2,2540.6,1817.0,1418.9,770.8,579.52,68.96,257.71,130.99,128.44,561.48,3.72,1,0.07,2.6,2.3,4.7,1.5,83.78,49.1
2025-06-29,14.63,11.34,8.54,32.95,1915.3,2534.3,1805.7,1414.5,769.9,579.99,69.06,257.36,130.47,128.87,562.56,3.67,1,0.057,2.5,2.4,4.5,1.5,83.77,49.1
2025-06-30,14.6,11.33,8.54,32.9,1909.0,2529.5,1794.3,1409.9,769.1,580.41,69.15,256.98,129.96,129.29,563.63,3.6,1,0.055,2.4,2.4,4.5,1.5,83.77,49.1
2025-07-01,14.57,11.33,8.53,32.85,1903.1,2526.2,1782.6,1405.3,768.2,580.77,69.23,256.59,129.46,129.72,564.68,3.51,1,0.068,2.6,2.5,4.7,1.4,83.76,49.1
2025-07-02,14.54,11.33,8.52,32.79,1897.8,2524.3,1770.8,1400.7,767.4,581.07,69.3,256.17,128.96,130.14,565.71,3.42,1,0.08,2.7,2.6,4.8,1.4,83.75,49.2
2025-07-03,14.51,11.33,8.52,32.74,1893.0,2523.8,1758.9,1395.9,766.7,581.31,69.35,255.73,128.46,130.56,566.72,3.32,1,0.092,2.8,2.6,5.0,1.4,83.74,49.2
2025-07-04,14.48,11.33,8.51,32.68,1888.7,2524.5,1746.8,1391.1,765.9,581.49,69.4,255.26,127.97,130.98,567.71,3.21,1,0.104,2.9,2.7,5.1,1.3,83.74,49.2
2025-07-05,14.44,11.33,8.5,32.62,1884.8,2526.5,1734.7,1386.2,765.1,581.61,69.43,254.77,127.49,131.38,568.68,3.1,1,0.115,3.0,2.7,5.3,1.3,83.73,49.2
2025-07-06,14.41,11.34,8.49,32.56,1881.3,2529.5,1722.5,1381.3,764.4,581.66,69.45,254.26,127.01,131.79,569.63,3.01,1,0.126,3.0,2.8,5.4,1.2,83.73,49.2
2025-07-07,14.38,11.34,8.49,32.5,1878.1,2533.5,1710.2,1376.3,763.7,581.66,69.46,253.72,126.53,132.18,570.56,3.13,1,0.137,3.1,2.8,5.4,1.2,83.72,49.2
2025-07-08,14.34,11.35,8.48,32.44,1875.3,2538.4,1698.0,1371.4,763.0,581.6,69.46,253.16,126.07,132.56,571.47,3.24,1,0.147,3.2,2.8,5.5,1.1,83.71,49.3
2025-07-09,14.31,11.35,8.47,32.37,1872.8,2544.0,1685.8,1366.3,762.3,581.47,69.44,252.57,125.6,132.94,572.35,3.35,1,0.156,3.2,2.8,5.5,1.1,83.71,49.3
2025-07-10,14.28,11.36,8.46,32.31,1870.5,2550.1,1673.5,1361.3,761.6,581.29,69.41,251.96,125.15,133.3,573.22,3.44,1,0.164,3.3,2.8,5.5,1.1,83.7,49.3
2025-07-11,14.24,11.37,8.45,32.25,1868.5,2556.8,1661.4,1356.2,760.9,581.05,69.38,251.33,124.7,133.65,574.06,3.53,1,0.172,3.3,2.8,5.4,1.2,83.7,49.3
2025-07-12,14.21,11.38,8.44,32.18,1866.5,2563.7,1649.3,1351.2,760.3,580.76,69.33,250.68,124.26,133.99,574.87,3.61,1,0.179,3.3,2.8,5.4,1.2,83.7,49.3
2025-07-13,14.17,11.39,8.43,32.12,1864.7,2570.8,1637.4,1346.1,759.6,580.41,69.27,250.0,123.82,134.31,575.66,3.68,1,0.185,3.3,2.7,5.3,1.3,83.69,49.4
2025-07-14,14.14,11.4,8.42,32.06,1863.0,2578.0,1625.5,1341.0,759.0,580.01,69.2,249.3,123.39,134.62,576.43,3.73,1,0.19,3.3,2.7,5.1,1.3,83.69,49.4
2025-07-15,14.11,11.4,8.42,32.0,1861.2,2585.0,1613.8,1336.0,758.3,579.57,69.13,248.58,122.97,134.91,577.17,3.77,1,0.194,3.2,2.6,5.0,1.4,83.69,49.4
2025-07-16,14.07,11.41,8.41,31.93,1859.4,2591.8,1602.3,1331.0,757.7,579.08,69.04,247.83,122.56,135.19,577.89,3.79,1,0.197,3.2,2.6,4.8,1.4,83.68,49.4
2025-07-17,14.04,11.42,8.4,31.87,1857.5,2598.2,1591.0,1326.0,757.0,578.54,68.95,247.07,122.15,135.44,578.59,3.8,1,0.199,3.1,2.5,4.7,1.4,83.68,49.4
2025-07-18,14.01,11.42,8.39,31.81,1855.4,2604.1,1579.8,1321.0,756.4,577.97,68.85,246.28,121.76,135.68,579.25,3.79,1,0.2,3.1,2.4,4.5,1.5,83.68,49.5
2025-07-19,13.97,11.43,8.38,31.75,1853.2,2609.4,1568.9,1316.1,755.7,577.36,68.74,245.48,121.37,135.9,579.9,3.76,1,0.2,3.0,2.4,4.5,1.5,83.68,49.5
2025-07-20,13.94,11.43,8.37,31.69,1850.8,2613.9,1558.3,1311.2,755.1,576.72,68.63,244.66,120.98,136.09,580.52,3.72,1,0.199,2.9,2.3,4.7,1.5,83.68,49.5
2025-07-21,13.91,11.44,8.36,31.63,1848.1,2617.5,1547.9,1306.4,754.4,576.06,68.51,243.81,120.61,136.27,581.11,3.66,1,0.197,2.8,2.2,4.9,1.5,83.68,49.5
2025-07-22,13.88,11.44,8.35,31.57,1845.1,2620.2,1537.7,1301.6,753.7,575.36,68.38,242.95,120.24,136.42,581.67,3.59,1,0.193,2.7,2.1,5.0,1.6,83.68,49.6
2025-07-23,13.85,11.44,8.34,31.52,1841.8,2621.8,1527.9,1296.9,753.1,574.65,68.26,242.08,119.89,136.55,582.22,3.51,1,0.189,2.6,2.0,5.2,1.6,83.68,49.6
2025-07-24,13.82,11.43,8.33,31.46,1838.1,2622.3,1518.3,1292.3,752.4,573.92,68.12,241.18,119.54,136.65,582.73,3.42,1,0.184,2.5,2.1,5.3,1.6,83.68,49.6
2025-07-25,13.79,11.43,8.32,31.41,1834.1,2621.7,1509.0,1287.8,751.7,573.18,67.99,240.27,119.2,136.73,583.22,3.32,1,0.178,2.4,2.2,5.4,1.6,83.68,49.6
2025-07-26,13.76,11.43,8.31,31.35,1829.7,2619.8,1500.1,1283.3,751.0,572.43,67.86,239.35,118.87,136.79,583.69,3.21,1,0.171,2.5,2.2,5.4,1.6,83.68,49.7
2025-07-27,13.74,11.42,8.3,31.3,1824.9,2616.6,1491.4,1278.9,750.3,571.68,67.72,238.41,118.55,136.82,584.13,3.1,1,0.163,2.7,2.3,5.5,1.6,83.69,49.7
2025-07-28,13.71,11.41,8.3,31.25,1819.7,2612.1,1483.1,1274.7,749.5,570.93,67.59,237.46,118.23,136.83,584.55,3.02,1,0.155,2.8,2.4,5.5,1.6,83.69,49.7
2025-07-29,13.68,11.4,8.29,31.21,1814.1,2606.4,1475.2,1270.5,748.8,570.18,67.46,236.5,117.93,136.8,584.94,3.13,1,0.146,2.9,2.5,5.5,1.6,83.69,49.8
2025-07-30,13.66,11.39,8.28,31.16,1808.1,2599.3,1467.5,1266.5,748.1,569.45,67.33,235.53,117.64,136.75,585.31,3.24,1,0.136,3.0,2.6,5.4,1.6,83.7,49.8
2025-07-31,13.64,11.37,8.27,31.12,1801.7,2591.0,1460.2,1262.5,747.3,568.73,67.2,234.55,117.35,136.68,585.66,3.35,1,0.125,3.0,2.6,5.4,1.6,83.7,49.8
2025-08-01,13.61,11.36,8.26,31.07,1794.9,2581.4,1453.2,1258.7,746.5,568.02,67.08,233.56,117.07,136.57,585.98,3.45,1,0.114,3.1,2.7,5.2,1.5,83.71,49.9
2025-08-02,13.59,11.34,8.26,31.03,1787.8,2570.6,1446.5,1255.0,745.7,567.34,66.96,232.56,116.81,136.44,586.28,3.54,1,0.103,3.2,2.7,5.1,1.5,83.71,49.9
2025-08-03,13.57,11.32,8.25,31.0,1780.3,2558.7,1440.1,1251.4,744.9,566.69,66.85,231.56,116.55,136.28,586.55,3.61,1,0.091,3.2,2.7,5.0,1.5,83.72,49.9
2025-08-04,13.55,11.3,8.24,30.96,1772.5,2545.6,1434.1,1247.9,744.0,566.07,66.74,230.55,116.3,136.1,586.81,3.68,1,0.078,3.3,2.8,4.8,1.5,83.72,50.0
2025-08-05,13.54,11.28,8.23,30.92,1764.4,2531.7,1428.3,1244.6,743.1,565.48,66.64,229.54,116.07,135.88,587.04,3.73,1,0.066,3.3,2.8,4.6,1.4,83.73,50.0
2025-08-06,13.52,11.26,8.23,30.89,1756.1,2516.8,1422.9,1241.4,742.3,564.93,66.55,228.52,115.84,135.64,587.25,3.77,1,0.054,3.3,2.8,4.5,1.4,83.74,50.0
2025-08-07,13.5,11.24,8.22,30.86,1747.6,2501.1,1417.8,1238.3,741.3,564.42,66.47,227.51,115.62,135.37,587.44,3.79,1,0.059,3.3,2.8,4.5,1.3,83.74,50.1
2025-08-08,13.49,11.21,8.22,30.83,1738.9,2484.7,1412.9,1235.4,740.4,563.96,66.4,226.49,115.41,135.07,587.61,3.8,1,0.071,3.3,2.8,4.7,1.3,83.75,50.1
2025-08-09,13.47,11.19,8.21,30.8,1730.1,2467.8,1408.3,1232.7,739.5,563.55,66.34,225.48,115.21,134.75,587.76,3.79,1,0.084,3.2,2.8,4.9,1.3,83.76,50.1
2025-08-10,13.46,11.16,8.21,30.78,1721.2,2450.4,1403.9,1230.0,738.5,563.2,66.29,224.47,115.02,134.39,587.89,3.76,1,0.096,3.2,2.7,5.0,1.2,83.77,50.2
2025-08-11,13.45,11.14,8.2,30.75,1712.3,2432.7,1399.8,1227.6,737.5,562.89,66.25,223.46,114.84,134.02,588.0,3.72,1,0.107,3.1,2.7,5.2,1.2,83.78,50.2
2025-08-12,13.43,11.11,8.2,30.73,1703.4,2414.8,1395.9,1225.2,736.5,562.65,66.22,222.45,114.67,133.61,588.1,3.66,1,0.119,3.1,2.6,5.3,1.1,83.78,50.2
2025-08-13,13.42,11.09,8.19,30.71,1694.6,2396.9,1392.2,1223.0,735.4,562.47,66.2,221.46,114.51,133.18,588.18,3.59,1,0.13,3.0,2.6,5.4,1.1,83.79,50.3
2025-08-14,13.41,11.06,8.19,30.69,1685.9,2379.1,1388.7,1221.0,734.3,562.35,66.2,220.46,114.36,132.72,588.24,3.51,1,0.14,2.9,2.5,5.5,1.2,83.8,50.3
2025-08-15,13.4,11.04,8.19,30.68,1677.4,2361.5,1385.4,1219.1,733.2,562.29,66.21,219.48,114.22,132.24,588.28,3.42,1,0.15,2.8,2.5,5.5,1.2,83.81,50.3
2025-08-16,13.39,11.02,8.18,30.66,1669.1,2344.3,1382.2,1217.4,732.1,562.3,66.24,218.51,114.09,131.74,588.31,3.32,1,0.159,2.7,2.4,5.5,1.3,83.83,50.4
2025-08-17,13.39,10.99,8.18,30.65,1661.1,2327.6,1379.2,1215.8,731.0,562.38,66.28,217.55,113.97,131.21,588.33,3.21,1,0.167,2.6,2.3,5.5,1.3,83.84,50.4
2025-08-18,13.38,10.97,8.18,30.63,1653.3,2311.5,1376.3,1214.3,729.8,562.53,66.33,216.6,113.86,130.67,588.33,3.1,1,0.174,2.5,2.2,5.4,1.3,83.85,50.5
2025-08-19,13.37,10.95,8.18,30.62,1645.9,2296.1,1373.4,1213.1,728.6,562.75,66.39,215.67,113.76,130.09,588.32,3.02,1,0.181,2.4,2.1,5.3,1.4,83.86,50.5
2025-08-20,13.37,10.93,8.18,30.61,1639.0,2281.6,1370.7,1211.9,727.4,563.03,66.48,214.75,113.67,129.5,588.3,3.13,1,0.186,2.5,2.0,5.2,1.4,83.87,50.5
2025-08-21,13.36,10.92,8.17,30.6,1632.4,2268.0,1368.0,1210.9,726.2,563.39,66.57,213.84,113.59,128.89,588.26,3.24,1,0.191,2.6,2.1,5.1,1.4,83.88,50.6
2025-08-22,13.36,10.9,8.17,30.59,1626.3,2255.5,1365.4,1210.0,724.9,563.82,66.68,212.96,113.51,128.26,588.22,3.35,1,0.195,2.7,2.1,4.9,1.5,83.9,50.6
2025-08-23,13.35,10.89,8.17,30.59,1620.7,2244.1,1362.7,1209.3,723.6,564.32,66.8,212.09,113.45,127.61,588.16,3.45,1,0.198,2.8,2.2,4.8,1.5,83.91,50.6
2025-08-24,13.35,10.88,8.17,30.58,1615.6,2234.0,1360.1,1208.7,722.3,564.89,66.94,211.24,113.4,126.95,588.1,3.54,1,0.199,2.9,2.3,4.6,1.5,83.92,50.7
2025-08-25,13.34,10.87,8.18,30.57,1611.0,2225.1,1357.5,1208.3,721.0,565.53,67.09,210.41,113.35,126.27,588.02,3.62,1,0.2,3.0,2.4,4.4,1.6,83.94,50.7
2025-08-26,13.34,10.86,8.18,30.57,1607.0,2217.5,1354.8,1208.0,719.6,566.23,67.26,209.6,113.32,125.57,587.94,3.68,1,0.2,3.1,2.5,4.6,1.6,83.95,50.8
2025-08-27,13.33,10.85,8.18,30.56,1603.5,2211.3,1352.1,1207.8,718.2,567.0,67.44,208.82,113.29,124.87,587.85,3.73,1,0.198,3.2,2.5,4.7,1.6,83.97,50.8
2025-08-28,13.33,10.85,8.18,30.56,1600.6,2206.5,1349.3,1207.8,716.9,567.84,67.63,208.06,113.27,124.15,587.75,3.77,1,0.196,3.2,2.6,4.9,1.6,83.98,50.8
2025-08-29,13.33,10.85,8.18,30.55,1598.3,2203.1,1346.4,1207.8,715.4,568.73,67.84,207.32,113.27,123.42,587.65,3.79,1,0.192,3.3,2.7,5.1,1.6,83.99,50.9
2025-08-30,13.32,10.85,8.18,30.55,1596.5,2201.1,1343.5,1208.0,714.0,569.69,68.05,206.61,113.27,122.67,587.55,3.8,1,0.188,3.3,2.7,5.2,1.6,84.01,50.9
2025-08-31,13.32,10.85,8.19,30.54,1595.2,2200.4,1340.4,1208.3,712.6,570.7,68.28,205.93,113.28,121.92,587.43,3.79,1,0.182,3.3,2.7,5.3,1.6,84.02,51.0
2025-09-01,13.32,10.86,8.19,30.54,1594.5,2201.1,1337.2,1208.7,711.1,571.77,68.52,205.27,113.3,121.17,587.32,3.76,1,0.176,3.3,2.8,5.4,1.6,84.04,51.0
2025-09-02,13.31,10.86,8.19,30.53,1594.1,2203.0,1333.8,1209.2,709.6,572.89,68.77,204.64,113.32,120.41,587.2,3.72,1,0.169,3.3,2.8,5.5,1.6,84.05,51.0
2025-09-03,13.31,10.87,8.2,30.53,1594.4,2206.2,1330.4,1209.9,708.1,574.05,69.03,204.04,113.36,119.64,587.08,3.66,1,0.161,3.3,2.8,5.5,1.6,84.07,51.1
2025-09-04,13.3,10.88,8.2,30.52,1595.0,2210.6,1326.7,1210.6,706.6,575.26,69.3,203.47,113.41,118.87,586.96,3.59,1,0.152,3.2,2.8,5.5,1.5,84.09,51.1
2025-09-05,13.3,10.89,8.21,30.52,1596.1,2216.0,1322.9,1211.4,705.1,576.51,69.58,202.93,113.46,118.09,586.84,3.51,1,0.143,3.2,2.8,5.5,1.5,84.1,51.2
2025-09-06,13.29,10.91,8.21,30.51,1597.5,2222.5,1319.0,1212.3,703.6,577.8,69.86,202.42,113.52,117.32,586.72,3.42,1,0.133,3.1,2.8,5.4,1.5,84.12,51.2
2025-09-07,13.29,10.92,8.21,30.51,1599.2,2229.8,1314.9,1213.2,702.1,579.12,70.16,201.94,113.59,116.55,586.6,3.32,1,0.122,3.0,2.7,5.3,1.5,84.13,51.3
2025-09-08,13.28,10.94,8.22,30.5,1601.2,2237.9,1310.5,1214.3,700.5,580.47,70.45,201.5,113.67,115.78,586.48,3.21,1,0.111,2.9,2.7,5.2,1.4,84.15,51.3
2025-09-09,13.28,10.95,8.22,30.49,1603.5,2246.6,1306.1,1215.4,699.0,581.85,70.76,201.09,113.75,115.01,586.36,3.1,1,0.099,2.8,2.7,5.1,1.4,84.17,51.3
2025-09-10,13.27,10.97,8.23,30.48,1605.9,2255.9,1301.4,1216.6,697.5,583.25,71.06,200.71,113.84,114.25,586.24,3.02,1,0.087,2.7,2.6,4.9,1.4,84.18,51.4
2025-09-11,13.26,10.99,8.23,30.47,1608.3,2265.5,1296.6,1217.8,695.9,584.66,71.37,200.36,113.94,113.49,586.12,3.13,1,0.075,2.6,2.5,4.8,1.3,84.2,51.4
2025-09-12,13.26,11.01,8.24,30.46,1610.9,2275.5,1291.6,1219.1,694.4,586.08,71.69,200.05,114.05,112.74,586.01,3.24,1,0.062,2.5,2.5,4.6,1.3,84.21,51.5
2025-09-13,13.25,11.02,8.25,30.45,1613.5,2285.5,1286.4,1220.4,692.8,587.51,72.0,199.77,114.17,111.99,585.91,3.35,1,0.05,2.4,2.4,4.4,1.2,84.23,51.5
2025-09-14,13.24,11.04,8.25,30.44,1616.1,2295.6,1281.1,1221.8,691.3,588.95,72.32,199.53,114.29,111.26,585.8,3.45,1,0.063,2.5,2.3,4.6,1.2,84.25,51.5
2025-09-15,13.23,11.06,8.26,30.43,1618.5,2305.5,1275.6,1223.2,689.7,590.38,72.63,199.32,114.42,110.54,585.7,3.54,1,0.075,2.6,2.2,4.8,1.2,84.26,51.6
2025-09-16,13.22,11.08,8.26,30.42,1620.8,2315.1,1270.0,1224.6,688.2,591.8,72.95,199.15,114.55,109.82,585.61,3.62,1,0.087,2.7,2.2,4.9,1.1,84.28,51.6
2025-09-17,13.21,11.1,8.27,30.4,1622.9,2324.3,1264.2,1226.1,686.7,593.22,73.26,199.01,114.69,109.13,585.52,3.68,1,0.099,2.8,2.1,5.1,1.1,84.3,51.7
2025-09-18,13.21,11.11,8.27,30.39,1624.7,2332.9,1258.3,1227.5,685.2,594.62,73.57,198.91,114.84,108.44,585.44,3.73,1,0.111,2.9,2.0,5.2,1.2,84.31,51.7
2025-09-19,13.2,11.13,8.28,30.37,1626.2,2340.9,1252.3,1229.0,683.7,596.0,73.88,198.84,115.0,107.77,585.36,3.77,1,0.122,3.0,2.1,5.3,1.2,84.33,51.7
2025-09-20,13.18,11.14,8.28,30.36,1627.4,2348.1,1246.2,1230.5,682.2,597.36,74.18,198.8,115.16,107.11,585.3,3.79,1,0.133,3.1,2.2,5.4,1.3,84.34,51.8
2025-09-21,13.17,11.16,8.29,30.34,1628.2,2354.4,1240.0,1232.0,680.7,598.69,74.47,198.8,115.33,106.48,585.23,3.8,1,0.143,3.2,2.3,5.5,1.3,84.36,51.8
2025-09-22,13.16,11.17,8.3,30.32,1628.6,2359.6,1233.8,1233.5,679.2,599.98,74.76,198.84,115.5,105.85,585.18,3.79,1,0.152,3.2,2.4,5.5,1.4,84.38,51.9
2025-09-23,13.15,11.18,8.3,30.31,1628.5,2363.8,1227.5,1234.9,677.8,601.25,75.05,198.91,115.68,105.25,585.13,3.76,1,0.161,3.3,2.4,5.5,1.4,84.39,51.9
2025-09-24,13.14,11.19,8.31,30.29,1628.0,2366.8,1221.2,1236.4,676.4,602.47,75.32,199.01,115.86,104.67,585.09,3.72,1,0.169,3.3,2.5,5.5,1.4,84.41,52.0
2025-09-25,13.13,11.19,8.31,30.27,1627.0,2368.6,1214.9,1237.8,675.0,603.65,75.59,199.14,116.05,104.1,585.05,3.66,1,0.176,3.3,2.6,5.4,1.5,84.42,52.0
2025-09-26,13.12,11.2,8.32,30.25,1625.4,2369.1,1208.5,1239.2,673.6,604.79,75.85,199.31,116.25,103.56,585.03,3.59,1,0.183,3.3,2.6,5.3,1.5,84.44,52.0
2025-09-27,13.1,11.2,8.32,30.23,1623.4,2368.3,1202.3,1240.6,672.3,605.87,76.1,199.51,116.45,103.04,585.01,3.51,1,0.188,3.3,2.7,5.2,1.5,84.45,52.1
2025-09-28,13.09,11.2,8.32,30.21,1620.7,2366.1,1196.0,1241.9,671.0,606.91,76.33,199.75,116.65,102.54,585.0,3.42,1,0.192,3.3,2.7,5.1,1.5,84.47,52.1
2025-09-29,13.08,11.2,8.33,30.19,1617.6,2362.5,1189.9,1243.2,669.7,607.89,76.56,200.01,116.86,102.06,585.0,3.32,1,0.196,3.2,2.8,4.9,1.6,84.48,52.2
2025-09-30,13.07,11.2,8.33,30.17,1613.9,2357.6,1183.8,1244.4,668.5,608.81,76.78,200.31,117.07,101.61,585.01,3.21,1,0.198,3.2,2.8,4.7,1.6,84.5,52.2
2025-10-01,12.91,11.19,8.23,30.15,1609.7,2351.3,1177.9,1245.6,667.2,609.68,76.98,200.64,117.29,101.17,585.02,1.3,0,0.2,2.3,2.8,3.4,1.6,84.51,52.2
2025-10-02,12.9,11.18,8.23,30.13,1605.0,2343.7,1172.0,1246.7,666.1,610.48,77.17,200.99,117.51,100.76,585.04,1.22,0,0.2,2.2,2.8,3.2,1.6,84.52,52.3
2025-10-03,12.89,11.17,8.24,30.11,1599.9,2334.9,1166.4,1247.8,664.9,611.23,77.36,201.38,117.74,100.38,585.07,1.33,0,0.199,2.1,2.8,3.4,1.6,84.54,52.3
2025-10-04,12.88,11.16,8.24,30.09,1594.4,2324.8,1161.0,1248.8,663.8,611.91,77.52,201.79,117.96,100.02,585.11,1.44,0,0.198,2.0,2.8,3.6,1.6,84.55,52.4
2025-10-05,12.86,11.15,8.24,30.07,1588.4,2313.5,1155.7,1249.8,662.8,612.52,77.68,202.23,118.2,99.68,585.16,1.55,0,0.195,1.9,2.8,3.8,1.6,84.56,52.4
2025-10-06,12.85,11.13,8.25,30.05,1582.0,2301.2,1150.7,1250.7,661.8,613.08,77.82,202.7,118.43,99.37,585.21,1.65,0,0.65,1.8,2.7,3.9,1.6,84.58,52.4
2025-10-07,12.84,11.12,8.25,30.03,1575.3,2287.8,1145.9,1251.5,660.8,613.56,77.95,203.2,118.67,99.08,585.27,1.74,0,0.186,1.7,2.7,4.0,1.6,84.59,52.5
2025-10-08,12.83,11.1,8.25,30.01,1568.3,2273.7,1141.4,1252.2,659.9,613.98,78.07,203.71,118.91,98.81,585.34,1.82,0,0.181,1.6,2.6,4.1,1.6,84.6,52.5
2025-10-09,12.82,11.08,8.25,30.0,1561.2,2258.7,1137.3,1252.9,659.0,614.34,78.17,204.26,119.16,98.57,585.41,1.88,0,0.174,1.7,2.6,4.2,1.5,84.61,52.6
2025-10-10,12.81,11.06,8.25,29.98,1553.8,2243.1,1133.4,1253.5,658.2,614.63,78.26,204.82,119.41,98.35,585.49,1.94,0,0.167,1.8,2.5,4.3,1.5,84.63,52.6
2025-10-11,12.8,11.04,8.25,29.97,1546.3,2227.0,1129.8,1254.0,657.5,614.86,78.34,205.41,119.66,98.16,585.58,1.97,0,0.158,1.9,2.4,4.3,1.5,84.64,52.6
2025-10-12,12.8,11.02,8.26,29.95,1538.7,2210.5,1126.6,1254.4,656.8,615.03,78.41,206.01,119.91,97.99,585.67,1.99,0,0.149,2.0,2.3,4.3,1.5,84.65,52.7
2025-10-13,12.79,10.99,8.26,29.94,1531.2,2193.7,1123.8,1254.8,656.1,615.13,78.46,206.64,120.16,97.84,585.76,2.0,0,0.14,2.1,2.3,4.3,1.4,84.66,52.7
2025-10-14,12.78,10.97,8.26,29.93,1523.8,2176.9,1121.4,1255.1,655.5,615.17,78.5,207.29,120.42,97.72,585.86,1.99,0,0.129,2.2,2.2,4.2,1.4,84.67,52.7
2025-10-15,12.78,10.95,8.26,29.92,1516.4,2160.1,1119.3,1255.3,655.0,615.16,78.53,207.95,120.68,97.62,585.97,1.96,0,0.118,2.3,2.1,4.1,1.3,84.68,52.8
2025-10-16,12.77,10.93,8.26,29.91,1509.2,2143.5,1117.7,1255.4,654.5,615.09,78.55,208.63,120.93,97.54,586.08,1.92,0,0.107,2.3,2.0,4.0,1.3,84.69,52.8
2025-10-17,12.77,10.9,8.26,29.9,1502.3,2127.2,1116.5,1255.4,654.1,614.97,78.56,209.32,121.2,97.48,586.19,1.86,0,0.095,2.4,2.1,3.8,1.3,84.7,52.8
2025-10-18,12.76,10.88,8.26,29.9,1495.7,2111.4,1115.7,1255.4,653.8,614.8,78.56,210.03,121.46,97.44,586.31,1.79,0,0.083,2.4,2.2,3.7,1.2,84.7,52.9
2025-10-19,12.76,10.86,8.26,29.89,1489.5,2096.3,1115.4,1255.2,653.5,614.58,78.55,210.75,121.72,97.42,586.43,1.71,0,0.071,2.5,2.3,3.5,1.2,84.71,52.9
2025-10-20,12.76,10.84,8.26,29.89,1483.7,2081.8,1115.5,1255.0,653.3,614.32,78.53,211.49,121.99,97.43,586.55,1.62,0,0.059,2.5,2.3,3.3,1.1,84.72,52.9
2025-10-21,12.76,10.82,8.25,29.89,1478.4,2068.3,1116.1,1254.8,653.1,614.01,78.5,212.23,122.25,97.45,586.67,1.51,0,0.054,2.5,2.4,3.3,1.1,84.73,53.0
2025-10-22,12.76,10.8,8.25,29.89,1473.6,2055.8,1117.1,1254.4,653.1,613.67,78.46,212.99,122.52,97.48,586.79,1.41,0,0.066,2.5,2.5,3.4,1.2,84.73,53.0
2025-10-23,12.77,10.79,8.25,29.89,1469.4,2044.3,1118.6,1254.0,653.0,613.3,78.42,213.75,122.78,97.54,586.91,1.29,0,0.079,2.5,2.6,3.6,1.2,84.74,53.0
2025-10-24,12.77,10.77,8.25,29.9,1465.8,2034.1,1120.6,1253.5,653.1,612.89,78.37,214.52,123.05,97.61,587.04,1.22,0,0.091,2.4,2.6,3.8,1.2,84.75,53.1
2025-10-25,12.77,10.76,8.25,29.91,1462.9,2025.2,1123.1,1252.9,653.2,612.46,78.32,215.29,123.31,97.7,587.16,1.33,0,0.103,2.4,2.7,3.9,1.3,84.75,53.1
2025-10-26,12.78,10.75,8.25,29.92,1460.7,2017.7,1126.0,1252.3,653.4,612.01,78.26,216.07,123.58,97.81,587.27,1.44,0,0.114,2.3,2.7,4.1,1.3,84.76,53.1
2025-10-27,12.79,10.74,8.24,29.93,1459.2,2011.6,1129.4,1251.6,653.7,611.54,78.2,216.85,123.85,97.92,587.39,1.55,0,0.125,2.2,2.8,4.2,1.4,84.76,53.2
2025-10-28,12.8,10.73,8.24,29.94,1458.3,2007.0,1133.2,1250.8,654.1,611.05,78.14,217.64,124.11,98.05,587.5,1.65,0,0.136,2.1,2.8,4.2,1.4,84.77,53.2
2025-10-29,12.8,10.72,8.24,29.96,1458.3,2004.0,1137.5,1250.0,654.5,610.56,78.07,218.43,124.38,98.2,587.61,1.74,0,0.146,2.1,2.8,4.3,1.4,84.77,53.2
2025-10-30,12.82,10.72,8.24,29.98,1459.0,2002.6,1142.2,1249.2,655.0,610.06,78.01,219.21,124.64,98.35,587.71,1.82,0,0.155,2.0,2.8,4.3,1.5,84.77,53.3
2025-10-31,12.83,10.72,8.23,30.0,1460.5,2002.7,1147.4,1248.3,655.5,609.56,77.94,220.0,124.91,98.52,587.81,1.88,0,0.65,1.9,2.8,4.3,1.5,84.77,53.3
2025-11-01,12.84,10.72,8.23,30.02,1462.8,2004.5,1153.0,1247.3,656.2,609.06,77.88,220.78,125.17,98.69,587.9,1.94,0,0.171,1.7,2.8,4.2,1.5,84.78,53.3
2025-11-02,12.85,10.72,8.23,30.04,1465.8,2007.8,1159.0,1246.3,656.9,608.58,77.81,221.56,125.43,98.87,587.99,1.97,0,0.178,1.6,2.8,4.2,1.5,84.78,53.4
2025-11-03,12.87,10.72,8.23,30.07,1469.5,2012.7,1165.4,1245.3,657.7,608.1,77.75,222.34,125.7,99.07,588.07,1.99,0,0.184,1.7,2.7,4.1,1.6,84.78,53.4
2025-11-04,12.89,10.73,8.22,30.1,1474.0,2019.1,1172.2,1244.2,658.6,607.64,77.69,223.11,125.96,99.26,588.14,2.0,0,0.189,1.8,2.7,4.0,1.6,84.78,53.4
2025-11-05,12.9,10.74,8.22,30.13,1479.1,2026.9,1179.3,1243.2,659.5,607.21,77.64,223.87,126.22,99.47,588.2,1.99,0,0.194,1.9,2.6,3.8,1.6,84.78,53.4
2025-11-06,12.92,10.75,8.22,30.16,1485.0,2036.1,1186.8,1242.1,660.5,606.79,77.59,224.63,126.47,99.68,588.25,1.96,0,0.197,2.0,2.6,3.7,1.6,84.78,53.5
2025-11-07,12.94,10.77,8.21,30.2,1491.5,2046.7,1194.7,1241.0,661.6,606.41,77.54,225.37,126.73,99.89,588.29,1.92,0,0.199,2.1,2.5,3.5,1.6,84.78,53.5
2025-11-08,12.96,10.78,8.21,30.24,1498.5,2058.5,1202.8,1239.8,662.8,606.06,77.51,226.11,126.98,100.1,588.31,1.86,0,0.2,2.2,2.4,3.3,1.6,84.78,53.5
2025-11-09,12.98,10.8,8.21,30.27,1506.1,2071.3,1211.3,1238.7,664.0,605.75,77.48,226.84,127.24,100.32,588.33,1.79,0,0.2,2.3,2.4,3.3,1.6,84.78,53.5
2025-11-10,13.01,10.81,8.21,30.31,1514.2,2085.3,1220.0,1237.6,665.3,605.47,77.46,227.56,127.49,100.54,588.33,1.71,0,0.199,2.3,2.3,3.5,1.6,84.78,53.6
2025-11-11,13.03,10.83,8.2,30.36,1522.7,2100.1,1228.9,1236.5,666.7,605.25,77.44,228.26,127.74,100.76,588.32,1.62,0,0.197,2.4,2.2,3.6,1.6,84.78,53.6
2025-11-12,13.05,10.85,8.2,30.4,1531.6,2115.6,1238.1,1235.4,668.2,605.06,77.44,228.96,127.99,100.98,588.3,1.51,0,0.194,2.4,2.1,3.8,1.5,84.77,53.6
2025-11-13,13.08,10.88,8.2,30.45,1540.8,2131.9,1247.5,1234.3,669.7,604.93,77.45,229.64,128.23,101.2,588.26,1.41,0,0.19,2.5,2.0,3.9,1.5,84.77,53.6
2025-11-14,13.1,10.9,8.2,30.49,1550.3,2148.6,1257.0,1233.2,671.3,604.85,77.46,230.3,128.47,101.42,588.2,1.29,0,0.185,2.5,2.1,4.1,1.5,84.77,53.6
2025-11-15,13.13,10.92,8.2,30.54,1560.0,2165.7,1266.7,1232.2,673.0,604.82,77.49,230.96,128.71,101.63,588.13,1.22,0,0.179,2.5,2.2,4.2,1.5,84.77,53.7
2025-11-16,13.16,10.95,8.19,30.59,1569.9,2183.1,1276.6,1231.2,674.7,604.85,77.53,231.59,128.95,101.85,588.04,1.33,0,0.172,2.5,2.2,4.2,1.4,84.76,53.7
2025-11-17,13.19,10.97,8.19,30.64,1579.9,2200.6,1286.5,1230.3,676.5,604.95,77.58,232.21,129.19,102.05,587.94,1.44,0,0.164,2.5,2.3,4.3,1.4,84.76,53.7
2025-11-18,13.21,10.99,8.19,30.69,1589.9,2218.1,1296.6,1229.4,678.4,605.1,77.64,232.82,129.42,102.26,587.82,1.55,0,0.156,2.4,2.4,4.3,1.4,84.75,53.7
2025-11-19,13.24,11.02,8.19,30.74,1599.9,2235.4,1306.7,1228.5,680.3,605.31,77.72,233.4,129.65,102.46,587.67,1.65,0,0.147,2.4,2.5,4.3,1.3,84.75,53.7
2025-11-20,13.27,11.04,8.19,30.8,1609.8,2252.4,1316.8,1227.7,682.3,605.59,77.81,233.97,129.88,102.65,587.51,1.74,0,0.137,2.3,2.5,4.2,1.3,84.74,53.8
2025-11-21,13.3,11.07,8.19,30.85,1619.5,2269.0,1326.9,1227.0,684.4,605.93,77.91,234.53,130.11,102.84,587.33,1.82,0,0.126,2.2,2.6,4.2,1.2,84.74,53.8
2025-11-22,13.33,11.09,8.19,30.91,1629.1,2285.1,1337.1,1226.4,686.5,606.33,78.02,235.06,130.33,103.02,587.13,1.88,0,0.115,2.2,2.7,4.1,1.2,84.73,53.8
2025-11-23,13.36,11.11,8.19,30.96,1638.4,2300.6,1347.2,1225.8,688.7,606.81,78.15,235.58,130.55,103.2,586.9,1.94,0,0.104,2.1,2.7,3.9,1.2,84.72,53.8
2025-11-24,13.39,11.13,8.19,31.02,1647.5,2315.3,1357.3,1225.3,690.9,607.34,78.29,236.08,130.77,103.37,586.66,1.97,0,0.092,2.0,2.7,3.8,1.1,84.72,53.8
2025-11-25,13.42,11.15,8.19,31.07,1656.2,2329.2,1367.3,1224.9,693.2,607.94,78.44,236.55,130.99,103.53,586.39,1.99,0,0.65,1.9,2.8,3.6,1.1,84.71,53.8
2025-11-26,13.45,11.17,8.19,31.13,1664.6,2342.3,1377.2,1224.6,695.6,608.61,78.6,237.02,131.2,103.68,586.1,2.0,0,0.067,1.8,2.8,3.5,1.2,84.7,53.9
2025-11-27,13.48,11.19,8.19,31.19,1672.5,2354.3,1387.0,1224.4,698.0,609.34,78.78,237.46,131.41,103.83,585.79,1.99,0,0.055,1.6,2.8,3.3,1.2,84.7,53.9
2025-11-28,13.51,11.21,8.2,31.24,1680.1,2365.4,1396.7,1224.2,700.5,610.13,78.97,237.88,131.61,103.96,585.45,1.96,0,0.058,1.7,2.8,3.3,1.3,84.69,53.9
2025-11-29,13.54,11.23,8.2,31.3,1687.2,2375.4,1406.2,1224.2,703.0,610.98,79.17,238.28,131.82,104.09,585.09,1.92,0,0.07,1.8,2.8,3.5,1.3,84.68,53.9
2025-11-30,13.57,11.24,8.2,31.36,1693.9,2384.4,1415.6,1224.3,705.5,611.89,79.39,238.67,132.02,104.22,584.71,1.86,0,0.082,1.9,2.8,3.7,1.3,84.67,53.9
2025-12-01,13.6,11.26,8.2,31.41,1700.0,2392.2,1424.8,1224.5,708.1,612.86,79.61,239.04,132.22,104.33,584.3,1.79,0,0.094,2.0,2.7,3.8,1.4,84.66,53.9
2025-12-02,13.63,11.27,8.21,31.47,1705.8,2398.9,1433.9,1224.9,710.8,613.88,79.85,239.39,132.41,104.44,583.87,1.71,0,0.106,2.1,2.7,4.0,1.4,84.65,53.9
2025-12-03,13.66,11.28,8.21,31.52,1711.1,2404.6,1442.7,1225.3,713.5,614.96,80.09,239.72,132.6,104.54,583.41,1.61,0,0.118,2.2,2.6,4.1,1.5,84.64,53.9
2025-12-04,13.69,11.29,8.21,31.58,1715.9,2409.2,1451.4,1225.9,716.2,616.08,80.35,240.03,132.79,104.63,582.93,1.51,0,0.129,2.3,2.6,4.2,1.5,84.64,53.9
2025-12-05,13.71,11.3,8.22,31.63,1720.3,2412.8,1459.9,1226.6,719.0,617.25,80.62,240.32,132.98,104.71,582.43,1.41,0,0.139,2.3,2.5,4.3,1.5,84.63,54.0
2025-12-06,13.74,11.31,8.22,31.69,1724.3,2415.5,1468.1,1227.4,721.8,618.47,80.89,240.6,133.16,104.79,581.89,1.29,0,0.149,2.4,2.5,4.3,1.5,84.62,54.0
2025-12-07,13.77,11.31,8.22,31.74,1727.9,2417.2,1476.1,1228.4,724.6,619.72,81.17,240.86,133.34,104.86,581.34,1.22,0,0.158,2.4,2.4,4.3,1.6,84.61,54.0
2025-12-08,13.8,11.32,8.23,31.79,1731.1,2418.2,1483.9,1229.5,727.5,621.01,81.46,241.1,133.52,104.93,580.75,1.33,0,0.166,2.5,2.3,4.3,1.6,84.6,54.0
2025-12-09,13.82,11.32,8.23,31.84,1734.0,2418.4,1491.5,1230.7,730.4,622.33,81.75,241.33,133.7,104.98,580.15,1.45,0,0.174,2.5,2.2,4.2,1.6,84.59,54.0
2025-12-10,13.85,11.33,8.24,31.89,1736.6,2418.0,1498.8,1232.1,733.3,623.69,82.05,241.54,133.87,105.04,579.51,1.55,0,0.18,2.5,2.1,4.1,1.6,84.58,54.0
2025-12-11,13.88,11.33,8.24,31.94,1739.0,2417.1,1506.0,1233.6,736.2,625.06,82.36,241.74,134.04,105.08,578.86,1.65,0,0.186,2.5,2.0,4.0,1.6,84.57,54.0
2025-12-12,13.9,11.34,8.25,31.99,1741.1,2415.7,1512.9,1235.2,739.2,626.46,82.67,241.92,134.2,105.13,578.17,1.74,0,0.191,2.5,2.0,3.9,1.6,84.56,54.0
2025-12-13,13.93,11.34,8.26,32.04,1743.1,2414.1,1519.6,1237.0,742.2,627.87,82.98,242.09,134.37,105.17,577.46,1.82,0,0.195,2.4,2.1,3.8,1.6,84.55,54.0
2025-12-14,13.95,11.34,8.26,32.09,1745.1,2412.3,1526.1,1239.0,745.2,629.29,83.29,242.25,134.53,105.2,576.73,1.88,0,0.197,2.4,2.2,3.6,1.6,84.54,54.0
2025-12-15,13.97,11.34,8.27,32.14,1746.9,2410.5,1532.3,1241.0,748.2,630.72,83.61,242.39,134.69,105.23,575.97,1.94,0,0.199,2.3,2.3,3.4,1.6,84.53,54.0
2025-12-16,14.0,11.35,8.28,32.18,1748.8,2408.8,1538.4,1243.3,751.2,632.16,83.92,242.52,134.84,105.26,575.19,1.97,0,0.2,2.3,2.4,3.2,1.6,84.52,54.0
2025-12-17,14.02,11.35,8.28,32.23,1750.8,2407.4,1544.4,1245.6,754.2,633.59,84.24,242.64,135.0,105.29,574.38,1.99,0,0.2,2.2,2.5,3.3,1.5,84.51,54.0
2025-12-18,14.04,11.35,8.29,32.27,1752.9,2406.3,1550.1,1248.1,757.3,635.02,84.55,242.75,135.15,105.32,573.55,2.0,0,0.198,2.1,2.5,3.5,1.5,84.5,54.0
2025-12-19,14.06,11.36,8.3,32.31,1755.2,2405.8,1555.7,1250.8,760.3,636.43,84.87,242.85,135.3,105.35,572.7,1.99,0,0.196,2.0,2.6,3.7,1.5,84.49,54.0
2025-12-20,14.09,11.36,8.31,32.35,1757.7,2405.9,1561.1,1253.6,763.3,637.83,85.17,242.94,135.44,105.38,571.82,1.96,0,0.193,1.9,2.6,3.8,1.5,84.47,54.0
2025-12-21,14.11,11.37,8.31,32.4,1760.6,2406.8,1566.4,1256.5,766.4,639.21,85.48,243.03,135.59,105.41,570.93,1.92,0,0.188,1.8,2.7,4.0,1.4,84.46,54.0
2025-12-22,14.13,11.37,8.32,32.44,1763.8,2408.6,1571.6,1259.5,769.4,640.57,85.78,243.11,135.73,105.44,570.0,1.86,0,0.183,1.7,2.7,4.1,1.4,84.45,54.0
2025-12-23,14.15,11.38,8.33,32.48,1767.4,2411.4,1576.7,1262.7,772.5,641.9,86.07,243.18,135.87,105.48,569.06,1.79,0,0.177,1.7,2.8,4.2,1.4,84.44,54.0
2025-12-24,14.17,11.39,8.34,32.51,1771.4,2415.3,1581.6,1266.0,775.5,643.19,86.36,243.25,136.0,105.52,568.1,1.71,0,0.17,1.8,2.8,4.3,1.3,84.43,54.0
2025-12-25,14.19,11.4,8.35,32.55,1775.9,2420.4,1586.6,1269.5,778.5,644.45,86.64,243.31,136.14,105.56,567.12,1.61,0,0.162,1.9,2.8,4.3,1.3,84.42,54.0
2025-12-26,14.2,11.42,8.36,32.59,1780.9,2426.9,1591.4,1273.0,781.5,645.67,86.91,243.37,136.27,105.61,566.11,1.51,0,0.153,2.0,2.8,4.3,1.2,84.42,54.0
2025-12-27,14.22,11.43,8.37,32.63,1786.6,2434.7,1596.3,1276.7,784.5,646.85,87.17,243.43,136.4,105.67,565.09,1.4,0,0.144,2.1,2.8,4.3,1.2,84.41,54.0
2025-12-28,14.24,11.45,8.37,32.66,1792.8,2444.0,1601.1,1280.5,787.5,647.98,87.42,243.48,136.53,105.73,564.05,1.29,0,0.134,2.2,2.8,4.2,1.1,84.4,54.0
2025-12-29,14.26,11.47,8.38,32.7,1799.6,2454.8,1605.9,1284.4,790.4,649.06,87.66,243.54,136.66,105.8,562.99,1.22,0,0.123,2.3,2.7,4.1,1.1,84.39,53.9
2025-12-30,14.28,11.49,8.39,32.73,1807.1,2467.2,1610.8,1288.5,793.3,650.08,87.89,243.6,136.78,105.88,561.91,1.34,0,0.112,2.3,2.7,4.0,1.2,84.38,53.9
2025-12-31,14.29,11.51,8.4,32.77,1815.3,2481.1,1615.7,1292.6,796.2,651.05,88.11,243.65,136.9,105.97,560.82,1.45,0,0.1,2.4,2.7,3.9,1.2,84.37,53.9
2026-01-01,14.11,11.35,8.41,32.44,1749.7,2364.9,1547.3,1297.7,799.6,651.96,88.32,243.87,137.11,106.07,559.72,1.55,0,0.088,2.4,2.6,3.7,1.2,84.36,53.9
2026-01-02,14.13,11.38,8.42,32.47,1759.2,2382.0,1552.3,1302.1,802.4,652.81,88.52,243.93,137.23,106.17,558.59,1.65,0,0.076,2.5,2.5,3.6,1.3,84.35,53.9
2026-01-03,14.15,11.41,8.43,32.5,1769.3,2400.7,1557.4,1306.5,805.2,653.6,88.7,244.0,137.35,106.29,557.46,1.74,0,0.064,2.5,2.5,3.4,1.3,84.34,53.9
2026-01-04,14.17,11.44,8.44,32.54,1780.2,2420.9,1562.7,1310.9,808.0,654.32,88.87,244.07,137.47,106.43,556.31,1.82,0,0.051,2.5,2.4,3.2,1.4,84.34,53.9
2026-01-05,14.18,11.47,8.45,32.57,1791.6,2442.6,1568.0,1315.5,810.8,654.97,89.02,244.15,137.59,106.57,555.15,1.88,0,0.061,2.5,2.3,3.4,1.4,84.33,53.9
2026-01-06,14.2,11.5,8.46,32.61,1803.7,2465.8,1573.5,1320.1,813.5,655.55,89.17,244.24,137.7,106.73,553.98,1.94,0,0.074,2.5,2.2,3.5,1.4,84.32,53.9
2026-01-07,14.22,11.54,8.46,32.64,1816.5,2490.3,1579.2,1324.8,816.2,656.07,89.29,244.33,137.81,106.9,552.8,1.97,0,0.086,2.4,2.2,3.7,1.5,84.31,53.8
2026-01-08,14.24,11.57,8.47,32.67,1829.8,2516.1,1585.1,1329.6,818.8,656.51,89.41,244.44,137.93,107.09,551.61,1.99,0,0.098,2.4,2.1,3.9,1.5,84.31,53.8
2026-01-09,14.25,11.61,8.48,32.71,1843.6,2543.2,1591.1,1334.4,821.4,656.89,89.5,244.55,138.04,107.29,550.42,2.0,0,0.11,2.3,2.0,4.0,1.5,84.3,53.8
2026-01-10,14.27,11.65,8.49,32.74,1857.9,2571.3,1597.3,1339.2,823.9,657.19,89.59,244.67,138.15,107.5,549.22,1.99,0,0.121,2.3,2.1,4.1,1.5,84.29,53.8
2026-01-11,14.29,11.69,8.5,32.78,1872.8,2600.4,1603.8,1344.1,826.4,657.43,89.66,244.81,138.26,107.74,548.01,1.96,0,0.132,2.2,2.2,4.2,1.6,84.29,53.8
2026-01-12,14.31,11.73,8.51,32.81,1888.0,2630.3,1610.5,1349.1,828.9,657.59,89.71,244.96,138.37,107.98,546.79,1.92,0,0.142,2.1,2.3,4.3,1.6,84.28,53.8
2026-01-13,14.33,11.78,8.52,32.85,1903.6,2661.0,1617.4,1354.0,831.3,657.69,89.76,245.12,138.48,108.25,545.58,1.86,0,0.151,2.0,2.4,4.3,1.6,84.28,53.7
2026-01-14,14.35,11.82,8.52,32.88,1919.4,2692.2,1624.5,1359.0,833.6,657.71,89.78,245.29,138.59,108.53,544.36,1.79,0,0.16,1.9,2.4,4.3,1.6,84.27,53.7
2026-01-15,14.37,11.86,8.53,32.92,1935.5,2723.9,1631.9,1363.9,835.9,657.67,89.8,245.48,138.69,108.83,543.14,1.71,0,0.168,1.8,2.5,4.3,1.6,84.27,53.7
2026-01-16,14.39,11.9,8.54,32.96,1951.8,2755.9,1639.6,1368.9,838.2,657.57,89.8,245.68,138.8,109.15,541.92,1.61,0,0.176,1.7,2.6,4.2,1.6,84.26,53.7
2026-01-17,14.41,11.95,8.55,32.99,1968.3,2788.0,1647.5,1373.9,840.4,657.4,89.78,245.9,138.91,109.48,540.7,1.51,0,0.182,1.6,2.6,4.1,1.6,84.26,53.7
2026-01-18,14.43,11.99,8.56,33.03,1984.8,2820.2,1655.6,1378.9,842.5,657.17,89.76,246.13,139.02,109.83,539.49,1.4,0,0.187,1.8,2.7,4.0,1.6,84.26,53.6
2026-01-19,14.45,12.03,8.56,33.07,2001.3,2852.2,1664.1,1383.8,844.6,656.88,89.72,246.38,139.12,110.2,538.28,1.29,0,0.192,1.9,2.7,3.9,1.6,84.25,53.6
2026-01-20,14.48,12.07,8.57,33.11,2017.7,2883.8,1672.7,1388.7,846.6,656.53,89.67,246.65,139.23,110.58,537.07,1.22,0,0.196,2.0,2.8,3.7,1.6,84.25,53.6
2026-01-21,14.5,12.12,8.58,33.15,2034.1,2915.1,1681.7,1393.6,848.6,656.13,89.62,246.94,139.34,110.99,535.87,1.34,0,0.198,2.1,2.8,3.5,1.5,84.25,53.6
2026-01-22,14.52,12.16,8.58,33.19,2050.3,2945.7,1690.8,1398.5,850.5,655.69,89.55,247.24,139.44,111.41,534.67,1.45,0,0.2,2.2,2.8,3.4,1.5,84.25,53.5
2026-01-23,14.54,12.19,8.59,33.23,2066.2,2975.6,1700.3,1403.3,852.3,655.19,89.47,247.56,139.55,111.84,533.49,1.55,0,0.2,2.2,2.8,3.2,1.5,84.25,53.5
2026-01-24,14.57,12.23,8.6,33.27,2081.9,3004.7,1709.9,1408.1,854.1,654.65,89.38,247.9,139.66,112.3,532.31,1.65,0,0.199,2.3,2.8,3.4,1.4,84.25,53.5
2026-01-25,14.59,12.27,8.6,33.32,2097.2,3032.8,1719.8,1412.8,855.9,654.07,89.28,248.26,139.77,112.77,531.14,1.74,0,0.198,2.4,2.8,3.6,1.4,84.24,53.5
2026-01-26,14.62,12.3,8.61,33.36,2112.2,3059.9,1729.9,1417.4,857.5,653.46,89.18,248.64,139.88,113.25,529.99,1.82,0,0.195,2.4,2.8,3.7,1.4,84.24,53.4
2026-01-27,14.64,12.34,8.62,33.4,2126.7,3085.7,1740.2,1422.0,859.1,652.81,89.07,249.03,139.98,113.76,528.85,1.89,0,0.191,2.5,2.7,3.9,1.3,84.25,53.4
2026-01-28,14.67,12.37,8.62,33.45,2140.7,3110.3,1750.7,1426.5,860.7,652.14,88.95,249.45,140.09,114.27,527.72,1.94,0,0.187,2.5,2.7,4.0,1.3,84.25,53.4
2026-01-29,14.69,12.4,8.63,33.5,2154.2,3133.6,1761.4,1430.9,862.1,651.44,88.83,249.89,140.2,114.8,526.61,1.97,0,0.181,2.5,2.6,4.1,1.3,84.25,53.4
2026-01-30,14.72,12.42,8.63,33.54,2167.3,3155.5,1772.2,1435.2,863.6,650.72,88.7,250.34,140.31,115.35,525.52,1.99,0,0.175,2.5,2.6,4.2,1.2,84.25,53.3
2026-01-31,14.75,12.45,8.64,33.59,2179.7,3175.9,1783.2,1439.4,864.9,649.99,88.57,250.82,140.43,115.91,524.44,2.0,0,0.167,2.5,2.5,4.3,1.2,84.25,53.3
2026-02-01,14.77,12.47,8.64,33.64,2191.5,3194.8,1794.3,1443.6,866.2,649.24,88.44,251.31,140.54,116.48,523.38,1.99,0,0.159,2.4,2.4,4.3,1.1,84.25,53.3
2026-02-02,14.8,12.49,8.65,33.68,2202.8,3212.2,1805.5,1447.6,867.4,648.49,88.31,251.82,140.65,117.07,522.34,1.96,0,0.15,2.4,2.3,4.3,1.1,84.26,53.2
2026-02-03,14.83,12.51,8.65,33.73,2213.5,3228.1,1816.9,1451.5,868.6,647.74,88.17,252.36,140.77,117.66,521.33,1.92,0,0.141,2.3,2.3,4.3,1.2,84.26,53.2
2026-02-04,14.86,12.53,8.66,33.78,2223.5,3242.5,1828.2,1455.3,869.7,646.99,88.04,252.91,140.88,118.27,520.33,1.86,0,0.13,2.3,2.2,4.2,1.2,84.26,53.2
2026-02-05,14.88,12.54,8.66,33.83,2232.9,3255.4,1839.7,1459.0,870.7,646.25,87.91,253.48,141.0,118.88,519.36,1.79,0,0.12,2.2,2.1,4.1,1.3,84.27,53.2
2026-02-06,14.91,12.56,8.66,33.88,2241.7,3266.8,1851.1,1462.5,871.7,645.51,87.77,254.07,141.12,119.51,518.41,1.71,0,0.108,2.1,2.0,4.0,1.3,84.27,53.1
2026-02-07,14.94,12.57,8.67,33.93,2250.0,3276.8,1862.6,1466.0,872.6,644.8,87.65,254.68,141.24,120.14,517.49,1.61,0,0.097,2.0,2.1,3.8,1.3,84.28,53.1
2026-02-08,14.97,12.58,8.67,33.98,2257.6,3285.4,1874.0,1469.2,873.5,644.1,87.52,255.3,141.36,120.77,516.6,1.51,0,0.085,1.9,2.2,3.7,1.4,84.28,53.1
2026-02-09,15.0,12.58,8.68,34.03,2264.7,3292.8,1885.4,1472.4,874.3,643.43,87.4,255.94,141.48,121.42,515.73,1.4,0,0.072,1.8,2.3,3.5,1.4,84.29,53.0
2026-02-10,15.02,12.59,8.68,34.08,2271.2,3298.9,1896.7,1475.4,875.0,642.78,87.29,256.6,141.6,122.07,514.89,1.29,0,0.06,1.7,2.3,3.3,1.5,84.3,53.0
2026-02-11,15.05,12.59,8.68,34.12,2277.2,3304.0,1907.9,1478.3,875.7,642.16,87.18,257.28,141.72,122.72,514.08,1.22,0,0.053,1.6,2.4,3.2,1.5,84.3,53.0
2026-02-12,15.08,12.6,8.69,34.17,2282.7,3308.0,1919.0,1481.0,876.3,641.58,87.07,257.97,141.85,123.37,513.29,1.34,0,0.065,1.7,2.5,3.4,1.5,84.31,52.9
2026-02-13,15.11,12.6,8.69,34.22,2287.8,3311.1,1930.0,1483.6,876.9,641.04,86.98,258.67,141.98,124.03,512.54,1.45,0,0.077,1.8,2.6,3.6,1.5,84.32,52.9
2026-02-14,15.13,12.6,8.69,34.27,2292.5,3313.4,1940.7,1486.1,877.4,640.54,86.89,259.39,142.11,124.68,511.82,1.55,0,0.09,2.0,2.6,3.8,1.6,84.33,52.9
2026-02-15,15.16,12.6,8.69,34.32,2296.9,3315.1,1951.3,1488.4,877.8,640.09,86.81,260.13,142.24,125.34,511.14,1.65,0,0.102,2.1,2.7,3.9,1.6,84.34,52.8
2026-02-16,15.19,12.6,8.7,34.37,2300.9,3316.2,1961.7,1490.5,878.2,639.68,86.74,260.87,142.37,125.99,510.48,1.74,0,0.113,2.1,2.7,4.0,1.6,84.35,52.8
2026-02-17,15.21,12.6,8.7,34.41,2304.7,3316.9,1971.9,1492.5,878.6,639.32,86.68,261.63,142.5,126.64,509.87,1.82,0,0.124,2.2,2.7,4.1,1.6,84.36,52.8
2026-02-18,15.24,12.6,8.7,34.46,2308.2,3317.3,1981.8,1494.3,878.8,639.01,86.63,262.4,142.63,127.28,509.28,1.89,0,0.135,2.3,2.8,4.2,1.6,84.36,52.7
2026-02-19,15.26,12.6,8.7,34.5,2311.5,3317.5,1991.4,1496.0,879.1,638.76,86.59,263.18,142.77,127.92,508.73,1.94,0,0.145,2.4,2.8,4.3,1.6,84.38,52.7
2026-02-20,15.29,12.6,8.71,34.55,2314.8,3317.8,2000.7,1497.5,879.3,638.57,86.56,263.97,142.91,128.55,508.22,1.97,0,0.154,2.4,2.8,4.3,1.6,84.39,52.6
2026-02-21,15.31,12.6,8.71,34.59,2317.9,3318.1,2009.7,1498.9,879.4,638.43,86.55,264.77,143.05,129.18,507.74,1.99,0,0.163,2.5,2.8,4.3,1.6,84.4,52.6
2026-02-22,15.33,12.6,8.71,34.63,2320.9,3318.7,2018.3,1500.1,879.5,638.35,86.54,265.57,143.19,129.79,507.3,2.0,0,0.171,2.5,2.8,4.3,1.6,84.41,52.6
2026-02-23,15.36,12.6,8.71,34.67,2324.0,3319.6,2026.6,1501.1,879.5,638.33,86.55,266.39,143.33,130.39,506.9,1.99,0,0.178,2.5,2.8,4.2,1.6,84.42,52.5
2026-02-24,15.38,12.6,8.71,34.71,2327.1,3320.9,2034.5,1502.1,879.5,638.37,86.56,267.2,143.47,130.98,506.53,1.96,0,0.184,2.5,2.7,4.1,1.5,84.43,52.5
2026-02-25,15.4,12.61,8.71,34.75,2330.3,3322.9,2042.0,1502.8,879.5,638.48,86.59,268.02,143.62,131.56,506.2,1.92,0,0.189,2.5,2.7,4.0,1.5,84.44,52.5
2026-02-26,15.42,12.61,8.72,34.79,2333.5,3325.4,2049.1,1503.4,879.4,638.64,86.64,268.85,143.77,132.13,505.92,1.86,0,0.193,2.5,2.6,3.8,1.5,84.46,52.4
2026-02-27,15.44,12.62,8.72,34.82,2337.0,3328.8,2055.8,1503.9,879.3,638.87,86.69,269.68,143.91,132.67,505.67,1.79,0,0.196,2.4,2.6,3.7,1.5,84.47,52.4
2026-02-28,15.46,12.62,8.72,34.86,2340.5,3332.9,2062.1,1504.2,879.1,639.15,86.75,270.5,144.06,133.21,505.46,1.7,0,0.199,2.4,2.5,3.5,1.4,84.48,52.3
2026-03-01,15.68,12.81,8.72,35.26,2420.8,3472.9,2142.9,1504.4,878.9,639.5,86.83,271.33,144.21,133.72,505.29,1.61,0,0.2,2.3,2.4,3.3,1.4,84.5,52.3
2026-03-02,15.7,12.82,8.72,35.3,2424.8,3478.9,2148.3,1504.4,878.7,639.9,86.92,272.16,144.37,134.22,505.15,1.51,0,0.2,2.2,2.4,3.3,1.4,84.51,52.3
2026-03-03,15.71,12.84,8.72,35.32,2429.0,3485.8,2153.3,1504.3,878.4,640.37,87.02,272.98,144.52,134.69,505.06,1.4,0,0.199,2.1,2.3,3.4,1.3,84.52,52.2
2026-03-04,15.73,12.85,8.72,35.35,2433.5,3493.8,2157.8,1504.1,878.1,640.89,87.13,273.8,144.68,135.15,505.01,1.29,0,0.197,2.0,2.2,3.6,1.3,84.54,52.2
2026-03-05,15.74,12.86,8.72,35.38,2438.2,3502.7,2161.8,1503.8,877.8,641.46,87.25,274.62,144.83,135.58,505.0,1.23,0,0.194,1.9,2.1,3.8,1.2,84.55,52.1
2026-03-06,15.75,12.88,8.72,35.4,2443.0,3512.6,2165.3,1503.3,877.5,642.08,87.38,275.43,144.99,135.99,505.03,1.34,0,0.19,1.8,2.0,3.9,1.2,84.57,52.1
2026-03-07,15.76,12.89,8.72,35.43,2448.2,3523.6,2168.4,1502.7,877.1,642.75,87.52,276.23,145.15,136.38,505.1,1.45,0,0.185,1.7,2.1,4.1,1.1,84.58,52.1
2026-03-08,15.77,12.91,8.72,35.45,2453.6,3535.5,2171.1,1502.0,876.7,643.47,87.67,277.03,145.31,136.74,505.21,1.56,0,0.179,1.6,2.1,4.2,1.1,84.6,52.0
2026-03-09,15.78,12.93,8.72,35.47,2459.2,3548.3,2173.3,1501.2,876.2,644.24,87.82,277.81,145.47,137.08,505.36,1.65,0,0.173,1.7,2.2,4.2,1.1,84.61,52.0
2026-03-10,15.79,12.95,8.73,35.48,2464.9,3562.0,2175.0,1500.2,875.8,645.04,87.99,278.59,145.63,137.4,505.54,1.74,0,0.165,1.8,2.3,4.3,1.2,84.63,51.9
2026-03-11,15.8,12.98,8.73,35.5,2470.9,3576.5,2176.3,1499.2,875.3,645.88,88.16,279.35,145.8,137.68,505.77,1.82,0,0.157,1.9,2.4,4.3,1.2,84.64,51.9
2026-03-12,15.81,13.0,8.73,35.51,2476.9,3591.7,2177.1,1498.1,874.8,646.76,88.34,280.1,145.96,137.94,506.04,1.89,0,0.147,2.0,2.5,4.3,1.3,84.66,51.9
2026-03-13,15.81,13.03,8.73,35.52,2483.1,3607.5,2177.5,1496.9,874.3,647.66,88.52,280.83,146.13,138.17,506.34,1.94,0,0.138,2.1,2.5,4.2,1.3,84.68,51.8
2026-03-14,15.82,13.05,8.73,35.53,2489.3,3623.9,2177.5,1495.6,873.8,648.6,88.71,281.55,146.29,138.38,506.69,1.97,0,0.127,2.2,2.6,4.2,1.4,84.69,51.8
2026-03-15,15.82,13.08,8.73,35.54,2495.5,3640.6,2177.1,1494.2,873.2,649.55,88.9,282.25,146.46,138.55,507.07,2.0,0,0.116,2.3,2.7,4.1,1.4,84.71,51.7
2026-03-16,15.82,13.1,8.73,35.55,2501.8,3657.7,2176.3,1492.7,872.7,650.52,89.1,282.94,146.63,138.7,507.49,2.0,0,0.105,2.4,2.7,3.9,1.4,84.72,51.7
2026-03-17,15.82,13.13,8.73,35.55,2508.0,3675.0,2175.1,1491.2,872.1,651.51,89.3,283.61,146.79,138.82,507.95,1.99,0,0.093,2.4,2.7,3.8,1.5,84.74,51.6
2026-03-18,15.82,13.16,8.73,35.55,2514.0,3692.2,2173.5,1489.6,871.5,652.51,89.5,284.25,146.96,138.91,508.44,1.96,0,0.081,2.5,2.8,3.6,1.5,84.76,51.6
2026-03-19,15.82,13.18,8.72,35.56,2519.9,3709.4,2171.6,1488.0,871.0,653.51,89.7,284.88,147.13,138.97,508.97,1.92,0,0.069,2.5,2.8,3.5,1.5,84.77,51.6
2026-03-20,15.82,13.21,8.72,35.56,2525.7,3726.4,2169.4,1486.3,870.4,654.51,89.9,285.48,147.3,139.0,509.53,1.86,0,0.056,2.5,2.8,3.3,1.5,84.79,51.5
2026-03-21,15.82,13.24,8.72,35.55,2531.2,3743.0,2166.9,1484.6,869.8,655.51,90.1,286.06,147.47,139.0,510.13,1.79,0,0.056,2.5,2.8,3.3,1.6,84.8,51.5
2026-03-22,15.82,13.26,8.72,35.55,2536.3,3759.1,2164.0,1482.8,869.2,656.5,90.3,286.62,147.64,138.97,510.77,1.7,0,0.069,2.5,2.8,3.5,1.6,84.82,51.4
2026-03-23,15.81,13.29,8.72,35.54,2541.1,3774.5,2160.9,1481.0,868.6,657.48,90.5,287.15,147.8,138.91,511.44,1.61,0,0.081,2.5,2.8,3.6,1.6,84.84,51.4
2026-03-24,15.81,13.31,8.72,35.54,2545.6,3789.2,2157.5,1479.2,868.0,658.45,90.69,287.65,147.97,138.82,512.14,1.51,0,0.093,2.4,2.7,3.8,1.6,84.85,51.4
2026-03-25,15.8,13.33,8.72,35.53,2549.6,3802.9,2154.0,1477.3,867.4,659.39,90.87,288.13,148.14,138.7,512.87,1.4,0,0.105,2.4,2.7,4.0,1.6,84.87,51.3
2026-03-26,15.8,13.35,8.72,35.52,2553.0,3815.5,2150.2,1475.4,866.8,660.31,91.06,288.58,148.31,138.55,513.64,1.29,0,0.117,2.3,2.7,4.1,1.6,84.89,51.3
2026-03-27,15.79,13.37,8.72,35.51,2556.0,3827.0,2146.2,1473.6,866.3,661.19,91.23,289.0,148.48,138.37,514.43,1.23,0,0.127,2.2,2.6,4.2,1.6,84.9,51.2
2026-03-28,15.78,13.39,8.72,35.5,2558.4,3837.3,2142.0,1471.7,865.7,662.05,91.4,289.4,148.64,138.17,515.26,1.34,0,0.138,2.1,2.5,4.2,1.6,84.92,51.2
2026-03-29,15.77,13.4,8.72,35.49,2560.2,3846.1,2137.7,1469.8,865.1,662.86,91.56,289.76,148.81,137.94,516.11,1.45,0,0.148,2.0,2.5,4.3,1.6,84.93,51.1
2026-03-30,15.76,13.41,8.72,35.47,2561.4,3853.4,2133.3,1467.9,864.5,663.64,91.71,290.09,148.97,137.67,516.99,1.56,0,0.157,1.9,2.4,4.3,1.6,84.95,51.1
2026-03-31,15.76,13.42,8.71,35.46,2561.9,3859.2,2128.8,1466.1,864.0,664.37,91.85,290.39,149.14,137.39,517.9,1.65,0,0.165,1.8,2.3,4.3,1.5,84.97,51.1
2026-04-01,15.75,13.43,8.71,35.44,2561.8,3863.3,2124.2,1464.2,863.4,665.05,91.99,290.66,149.3,137.07,518.83,1.74,0,0.173,1.7,2.2,4.2,1.5,84.98,51.0
2026-04-02,15.74,13.44,8.71,35.43,2560.9,3865.7,2119.5,1462.4,862.9,665.68,92.11,290.9,149.46,136.73,519.79,1.82,0,0.18,1.6,2.1,4.2,1.5,85.0,51.0
2026-04-03,15.73,13.44,8.71,35.41,2559.4,3866.4,2114.8,1460.7,862.3,666.25,92.22,291.11,149.62,136.37,520.77,1.89,0,0.185,1.7,2.1,4.1,1.4,85.01,50.9
2026-04-04,15.72,13.44,8.71,35.39,2557.1,3865.2,2110.1,1458.9,861.8,666.77,92.31,291.28,149.78,135.98,521.78,1.94,0,0.19,1.8,2.0,3.9,1.4,85.03,50.9
2026-04-05,15.7,13.44,8.71,35.37,2554.1,3862.3,2105.4,1457.2,861.3,667.23,92.4,291.41,149.94,135.57,522.8,1.97,0,0.194,1.9,2.1,3.8,1.4,85.04,50.9
2026-04-06,15.69,13.43,8.7,35.35,2550.4,3857.6,2100.7,1455.5,860.8,667.62,92.47,291.52,150.09,135.14,523.85,2.0,0,0.197,2.0,2.2,3.6,1.3,85.06,50.8
2026-04-07,15.68,13.43,8.7,35.33,2546.0,3851.0,2096.1,1453.9,860.3,667.95,92.53,291.58,150.25,134.68,524.92,2.0,0,0.199,2.1,2.3,3.4,1.3,85.07,50.8
2026-04-08,15.67,13.42,8.7,35.31,2541.0,3842.7,2091.5,1452.4,859.9,668.21,92.58,291.62,150.4,134.2,526.0,1.99,0,0.2,2.2,2.4,3.3,1.3,85.08,50.7
2026-04-09,15.66,13.4,8.7,35.29,2535.2,3832.6,2086.9,1450.9,859.4,668.4,92.61,291.62,150.55,133.71,527.1,1.96,0,0.2,2.3,2.4,3.3,1.2,85.1,50.7
2026-04-10,15.65,13.39,8.7,35.27,2528.9,3820.8,2082.5,1449.4,859.0,668.53,92.63,291.58,150.69,133.19,528.22,1.92,0,0.199,2.4,2.5,3.5,1.2,85.11,50.7
2026-04-11,15.64,13.37,8.69,35.25,2521.8,3807.4,2078.1,1448.0,858.6,668.58,92.63,291.51,150.84,132.66,529.35,1.86,0,0.196,2.4,2.6,3.7,1.1,85.12,50.6
2026-04-12,15.62,13.35,8.69,35.23,2514.3,3792.5,2073.9,1446.7,858.2,668.56,92.62,291.41,150.98,132.11,530.5,1.79,0,0.193,2.5,2.6,3.8,1.1,85.14,50.6
2026-04-13,15.61,13.33,8.69,35.21,2506.2,3776.0,2069.8,1445.5,857.8,668.47,92.59,291.27,151.12,131.55,531.66,1.7,0,0.189,2.5,2.7,4.0,1.2,85.15,50.5
2026-04-14,15.6,13.3,8.69,35.19,2497.6,3758.2,2065.8,1444.3,857.4,668.31,92.55,291.09,151.25,130.97,532.83,1.61,0,0.184,2.5,2.7,4.1,1.2,85.16,50.5
2026-04-15,15.59,13.27,8.69,35.17,2488.6,3739.2,2061.9,1443.2,857.1,668.08,92.5,290.88,151.38,130.38,534.01,1.51,0,0.177,2.5,2.8,4.2,1.3,85.17,50.5
2026-04-16,15.58,13.25,8.68,35.14,2479.2,3719.0,2058.2,1442.2,856.7,667.77,92.43,290.64,151.51,129.77,535.2,1.4,0,0.17,2.5,2.8,4.3,1.3,85.19,50.4
2026-04-17,15.57,13.22,8.68,35.12,2469.4,3697.7,2054.6,1441.3,856.4,667.4,92.34,290.36,151.64,129.16,536.4,1.29,0,0.163,2.5,2.8,4.3,1.3,85.2,50.4
2026-04-18,15.56,13.18,8.68,35.1,2459.3,3675.6,2051.2,1440.4,856.1,666.95,92.24,290.04,151.76,128.54,537.6,1.23,0,0.154,2.4,2.8,4.3,1.4,85.21,50.4
2026-04-19,15.54,13.15,8.68,35.08,2449.0,3652.8,2047.9,1439.6,855.8,666.44,92.13,289.7,151.88,127.91,538.81,1.34,0,0.145,2.4,2.8,4.3,1.4,85.22,50.3
2026-04-20,15.53,13.12,8.67,35.06,2438.5,3629.4,2044.8,1438.9,855.5,665.86,92.0,289.32,151.99,127.27,540.03,1.45,0,0.135,2.3,2.8,4.2,1.4,85.23,50.3
2026-04-21,15.52,13.08,8.67,35.04,2427.9,3605.5,2041.8,1438.3,855.3,665.21,91.86,288.91,152.11,126.62,541.24,1.56,0,0.124,2.2,2.7,4.1,1.5,85.24,50.2
2026-04-22,15.51,13.05,8.67,35.01,2417.2,3581.3,2038.9,1437.8,855.0,664.5,91.71,288.46,152.21,125.97,542.46,1.66,0,0.113,2.1,2.7,4.0,1.5,85.25,50.2
2026-04-23,15.5,13.01,8.67,34.99,2406.6,3556.9,2036.2,1437.3,854.8,663.73,91.54,287.98,152.31,125.32,543.68,1.74,0,0.101,2.0,2.7,3.9,1.5,85.26,50.2
2026-04-24,15.49,12.98,8.66,34.97,2396.0,3532.5,2033.7,1436.9,854.6,662.91,91.36,287.48,152.41,124.67,544.9,1.82,0,0.089,1.9,2.6,3.8,1.6,85.27,50.1
2026-04-25,15.48,12.94,8.66,34.95,2385.5,3508.3,2031.3,1436.6,854.4,662.03,91.17,286.94,152.51,124.01,546.12,1.89,0,0.077,1.8,2.6,3.6,1.6,85.27,50.1
2026-04-26,15.47,12.9,8.66,34.93,2375.1,3484.3,2029.0,1436.4,854.2,661.09,90.98,286.37,152.59,123.36,547.33,1.94,0,0.065,1.7,2.5,3.4,1.6,85.28,50.1
2026-04-27,15.46,12.87,8.66,34.91,2365.0,3460.8,2026.8,1436.3,854.0,660.11,90.77,285.77,152.68,122.7,548.54,1.97,0,0.052,1.6,2.4,3.2,1.6,85.29,50.0
2026-04-28,15.45,12.83,8.65,34.89,2355.1,3437.7,2024.7,1436.3,853.8,659.09,90.55,285.15,152.76,122.05,549.75,2.0,0,0.06,1.7,2.3,3.3,1.6,85.3,50.0
2026-04-29,15.44,12.8,8.65,34.86,2345.6,3415.3,2022.7,1436.3,853.7,658.02,90.32,284.5,152.83,121.4,550.95,2.0,0,0.073,1.8,2.3,3.5,1.6,85.3,50.0
2026-04-30,15.43,12.77,8.65,34.84,2336.3,3393.7,2020.7,1436.4,853.5,656.92,90.08,283.82,152.9,120.76,552.14,1.99,0,0.085,1.9,2.2,3.7,1.6,85.31,49.9
2026-05-01,15.42,12.74,8.65,34.82,2327.5,3373.0,2018.9,1436.6,853.4,655.78,89.84,283.11,152.96,120.12,553.33,1.96,0,0.097,2.0,2.1,3.9,1.6,85.31,49.9
2026-05-02,15.41,12.7,8.64,34.8,2319.0,3353.1,2017.0,1436.8,853.2,654.61,89.59,282.38,153.02,119.49,554.5,1.92,0,0.109,2.1,2.0,4.0,1.6,85.32,49.9
2026-05-03,15.4,12.67,8.64,34.78,2311.0,3334.3,2015.2,1437.1,853.1,653.42,89.34,281.63,153.07,118.87,555.67,1.86,0,0.12,2.2,2.1,4.1,1.6,85.32,49.8
2026-05-04,15.39,12.65,8.64,34.76,2303.5,3316.6,2013.5,1437.5,853.0,652.2,89.08,280.85,153.11,118.25,556.82,1.79,0,0.131,2.3,2.2,4.2,1.5,85.33,49.8
2026-05-05,15.37,12.62,8.64,34.73,2296.4,3300.1,2011.7,1437.9,852.9,650.97,88.82,280.06,153.15,117.64,557.96,1.7,0,0.141,2.3,2.3,4.3,1.5,85.33,49.8
2026-05-06,15.36,12.59,8.64,34.71,2289.8,3284.7,2009.8,1438.4,852.8,649.73,88.55,279.24,153.19,117.05,559.09,1.61,0,0.151,2.4,2.4,4.3,1.5,85.34,49.8
2026-05-07,15.35,12.57,8.63,34.69,2283.7,3270.6,2008.0,1439.0,852.7,648.48,88.29,278.4,153.21,116.47,560.21,1.51,0,0.159,2.4,2.4,4.3,1.5,85.34,49.7
2026-05-08,15.34,12.55,8.63,34.67,2278.1,3257.6,2006.1,1439.6,852.6,647.23,88.02,277.54,153.24,115.89,561.31,1.4,0,0.168,2.5,2.5,4.3,1.4,85.34,49.7
2026-05-09,15.33,12.53,8.63,34.64,2272.9,3245.9,2004.1,1440.2,852.4,645.98,87.75,276.67,153.25,115.34,562.39,1.29,0,0.175,2.5,2.6,4.2,1.4,85.34,49.7
2026-05-10,15.32,12.51,8.63,34.62,2268.2,3235.4,2002.0,1440.9,852.3,644.74,87.49,275.78,153.26,114.79,563.46,1.23,0,0.181,2.5,2.6,4.1,1.4,85.35,49.6
2026-05-11,15.31,12.49,8.63,34.6,2263.9,3226.0,1999.8,1441.6,852.2,643.5,87.22,274.88,153.26,114.26,564.51,1.34,0,0.187,2.5,2.7,4.0,1.3,85.35,49.6
2026-05-12,15.3,12.48,8.62,34.57,2260.0,3217.8,1997.4,1442.3,852.1,642.28,86.96,273.96,153.25,113.74,565.54,1.45,0,0.192,2.5,2.7,3.9,1.3,85.35,49.6
2026-05-13,15.28,12.46,8.62,34.55,2256.5,3210.6,1994.9,1443.1,852.0,641.08,86.7,273.03,153.24,113.24,566.56,1.56,0,0.195,2.4,2.8,3.7,1.2,85.35,49.6
2026-05-14,15.27,12.45,8.62,34.52,2253.4,3204.5,1992.2,1443.9,851.9,639.9,86.45,272.09,153.22,112.75,567.55,1.66,0,0.198,2.4,2.8,3.6,1.2,85.35,49.5
2026-05-15,15.26,12.44,8.62,34.49,2250.6,3199.2,1989.3,1444.7,851.7,638.75,86.2,271.14,153.19,112.28,568.53,1.75,0,0.199,2.3,2.8,3.4,1.1,85.35,49.5
2026-05-16,15.24,12.43,8.62,34.47,2248.0,3194.8,1986.2,1445.5,851.6,637.63,85.95,270.18,153.16,111.83,569.48,1.82,0,0.2,2.2,2.8,3.2,1.1,85.35,49.5
2026-05-17,15.23,12.42,8.62,34.44,2245.8,3191.2,1982.9,1446.4,851.4,636.54,85.72,269.21,153.12,111.39,570.42,1.89,0,0.2,2.2,2.8,3.4,1.1,85.35,49.5
2026-05-18,15.22,12.41,8.62,34.41,2243.6,3188.1,1979.3,1447.2,851.2,635.49,85.49,268.24,153.07,110.98,571.33,1.94,0,0.198,2.1,2.8,3.6,1.2,85.34,49.4
2026-05-19,15.2,12.41,8.62,34.38,2241.6,3185.6,1975.5,1448.0,851.0,634.49,85.27,267.26,153.01,110.57,572.22,1.98,0,0.65,2.0,2.8,3.7,1.2,85.34,49.4
2026-05-20,15.18,12.4,8.61,34.35,2239.6,3183.5,1971.3,1448.8,850.8,633.52,85.05,266.27,152.95,110.19,573.08,2.0,0,0.192,1.9,2.7,3.9,1.3,85.34,49.4
2026-05-21,15.17,12.4,8.61,34.32,2237.7,3181.6,1966.9,1449.6,850.6,632.61,84.85,265.29,152.88,109.82,573.92,2.0,0,0.187,1.7,2.7,4.0,1.3,85.34,49.4
2026-05-22,15.15,12.39,8.61,34.28,2235.7,3179.9,1962.2,1450.4,850.4,631.75,84.65,264.3,152.8,109.47,574.74,1.99,0,0.182,1.6,2.6,4.1,1.4,85.33,49.3
2026-05-23,15.13,12.39,8.61,34.25,2233.6,3178.2,1957.1,1451.1,850.1,630.93,84.47,263.32,152.71,109.14,575.54,1.96,0,0.175,1.7,2.6,4.2,1.4,85.33,49.3
2026-05-24,15.12,12.38,8.61,34.21,2231.4,3176.3,1951.8,1451.8,849.8,630.18,84.3,262.33,152.61,108.82,576.31,1.92,0,0.168,1.8,2.5,4.3,1.4,85.32,49.3
2026-05-25,15.1,12.38,8.61,34.18,2229.0,3174.3,1946.1,1452.5,849.5,629.48,84.14,261.35,152.51,108.52,577.06,1.86,0,0.16,1.9,2.4,4.3,1.5,85.32,49.3
2026-05-26,15.08,12.37,8.61,34.14,2226.3,3171.8,1940.0,1453.1,849.2,628.84,83.98,260.37,152.4,108.24,577.78,1.79,0,0.151,2.0,2.4,4.3,1.5,85.32,49.3
2026-05-27,15.06,12.36,8.61,34.1,2223.3,3168.9,1933.6,1453.7,848.9,628.26,83.85,259.4,152.28,107.98,578.48,1.7,0,0.142,2.1,2.3,4.3,1.5,85.31,49.2
2026-05-28,15.04,12.36,8.61,34.07,2219.9,3165.3,1926.9,1454.2,848.5,627.74,83.72,258.43,152.15,107.73,579.15,1.61,0,0.131,2.2,2.2,4.2,1.5,85.3,49.2
2026-05-29,15.01,12.35,8.61,34.02,2216.0,3161.0,1919.7,1454.6,848.1,627.28,83.6,257.47,152.02,107.5,579.8,1.51,0,0.121,2.3,2.1,4.1,1.6,85.3,49.2
2026-05-30,14.99,12.34,8.61,33.98,2211.7,3155.8,1912.2,1455.0,847.6,626.88,83.5,256.51,151.87,107.28,580.42,1.4,0,0.109,2.3,2.0,4.0,1.6,85.29,49.2
2026-05-31,14.97,12.33,8.61,33.94,2207.0,3149.8,1904.4,1455.3,847.1,626.55,83.41,255.57,151.72,107.08,581.01,1.28,0,0.098,2.4,2.1,3.9,1.6,85.29,49.2
2026-06-01,15.09,12.32,8.72,33.9,2201.7,3142.7,1896.2,1455.5,846.6,626.28,83.33,254.63,151.56,106.89,581.59,3.03,1,0.086,3.2,2.2,4.9,1.6,85.28,49.2
2026-06-02,15.07,12.31,8.72,33.85,2195.8,3134.5,1887.6,1455.7,846.1,626.07,83.27,253.71,151.39,106.72,582.13,3.14,1,0.073,3.3,2.2,4.7,1.6,85.27,49.1
2026-06-03,15.04,12.3,8.72,33.81,2189.3,3125.1,1878.7,1455.7,845.5,625.92,83.21,252.8,151.22,106.57,582.65,3.25,1,0.061,3.3,2.3,4.6,1.6,85.26,49.1
2026-06-04,15.02,12.28,8.72,33.76,2182.2,3114.5,1869.4,1455.7,844.9,625.84,83.17,251.9,151.03,106.42,583.15,3.36,1,0.051,3.3,2.4,4.4,1.6,85.26,49.1
2026-06-05,14.99,12.27,8.72,33.71,2174.6,3102.7,1859.8,1455.6,844.2,625.81,83.14,251.02,150.84,106.29,583.62,3.46,1,0.064,3.3,2.5,4.6,1.6,85.25,49.1
2026-06-06,14.96,12.25,8.72,33.66,2166.2,3089.6,1849.8,1455.3,843.6,625.84,83.12,250.15,150.64,106.17,584.06,3.55,1,0.076,3.3,2.6,4.8,1.6,85.24,49.1
2026-06-07,14.93,12.23,8.72,33.61,2157.2,3075.2,1839.5,1455.0,842.8,625.93,83.12,249.3,150.43,106.06,584.49,3.62,1,0.089,3.2,2.6,4.9,1.6,85.23,49.1
2026-06-08,14.91,12.21,8.72,33.56,2147.6,3059.5,1828.9,1454.6,842.0,626.07,83.12,248.46,150.21,105.96,584.88,3.69,1,0.1,3.2,2.7,5.1,1.5,85.22,49.1
2026-06-09,14.88,12.19,8.71,33.51,2137.3,3042.5,1818.1,1454.0,841.2,626.27,83.13,247.65,149.98,105.88,585.25,3.74,1,0.112,3.1,2.7,5.2,1.5,85.21,49.1
2026-06-10,14.85,12.16,8.71,33.46,2126.5,3024.2,1806.9,1453.3,840.4,626.51,83.15,246.84,149.75,105.8,585.6,3.78,1,0.123,3.0,2.7,5.3,1.5,85.21,49.1
2026-06-11,14.82,12.14,8.71,33.4,2115.0,3004.8,1795.4,1452.5,839.5,626.8,83.19,246.06,149.5,105.73,585.93,3.8,1,0.134,3.0,2.8,5.4,1.5,85.2,49.0
2026-06-12,14.79,12.11,8.71,33.35,2102.9,2984.1,1783.7,1451.6,838.5,627.14,83.23,245.3,149.25,105.67,586.23,3.8,1,0.144,2.9,2.8,5.5,1.4,85.19,49.0
2026-06-13,14.76,12.08,8.71,33.29,2090.4,2962.4,1771.8,1450.6,837.5,627.51,83.27,244.56,148.99,105.61,586.51,3.79,1,0.153,2.8,2.8,5.5,1.4,85.18,49.0
2026-06-14,14.73,12.05,8.71,33.24,2077.3,2939.7,1759.7,1449.4,836.5,627.92,83.33,243.84,148.72,105.56,586.77,3.76,1,0.162,2.7,2.8,5.5,1.3,85.17,49.0
2026-06-15,14.69,12.02,8.71,33.18,2063.8,2916.0,1747.3,1448.1,835.4,628.37,83.39,243.13,148.45,105.52,587.0,3.71,1,0.17,2.6,2.8,5.5,1.3,85.16,49.0
2026-06-16,14.66,11.99,8.71,33.12,2049.8,2891.5,1734.8,1446.7,834.2,628.84,83.46,242.45,148.16,105.48,587.22,3.66,1,0.177,2.5,2.8,5.4,1.3,85.15,49.0
2026-06-17,14.63,11.96,8.71,33.06,2035.5,2866.3,1722.2,1445.1,833.1,629.34,83.53,241.8,147.87,105.44,587.41,3.58,1,0.183,2.5,2.7,5.3,1.2,85.14,49.0
2026-06-18,14.6,11.92,8.71,33.01,2020.9,2840.5,1709.4,1443.4,831.8,629.86,83.61,241.16,147.57,105.41,587.58,3.5,1,0.188,2.6,2.7,5.2,1.2,85.13,49.0
2026-06-19,14.56,11.89,8.7,32.95,2006.0,2814.2,1696.5,1441.6,830.5,630.4,83.69,240.55,147.26,105.38,587.74,3.41,1,0.193,2.7,2.6,5.0,1.1,85.12,49.0
2026-06-20,14.53,11.86,8.7,32.89,1991.0,2787.6,1683.6,1439.6,829.2,630.95,83.77,239.95,146.95,105.35,587.87,3.3,1,0.196,2.8,2.6,4.9,1.1,85.11,49.0
2026-06-21,14.5,11.82,8.7,32.83,1975.8,2760.8,1670.5,1437.5,827.8,631.52,83.85,239.39,146.63,105.32,587.99,3.2,1,0.198,2.9,2.5,4.7,1.2,85.1,49.0
2026-06-22,14.47,11.79,8.7,32.77,1960.5,2733.9,1657.5,1435.2,826.4,632.08,83.94,238.84,146.29,105.29,588.09,3.08,1,0.2,3.0,2.5,4.5,1.2,85.09,49.0
2026-06-23,14.43,11.75,8.7,32.71,1945.3,2707.2,1644.4,1432.9,824.9,632.65,84.02,238.32,145.96,105.26,588.17,3.03,1,0.2,3.1,2.4,4.4,1.3,85.08,49.0
2026-06-24,14.4,11.72,8.69,32.65,1930.1,2680.6,1631.4,1430.4,823.4,633.21,84.11,237.82,145.61,105.23,588.23,3.14,1,0.199,3.1,2.3,4.6,1.3,85.07,49.0
2026-06-25,14.37,11.68,8.69,32.6,1915.0,2654.4,1618.4,1427.7,821.8,633.77,84.19,237.34,145.26,105.2,588.28,3.25,1,0.197,3.2,2.2,4.8,1.3,85.06,49.0
2026-06-26,14.33,11.65,8.69,32.54,1900.1,2628.7,1605.5,1424.9,820.1,634.31,84.27,236.89,144.9,105.16,588.31,3.36,1,0.194,3.2,2.1,5.0,1.4,85.05,49.0
2026-06-27,14.3,11.62,8.68,32.48,1885.5,2603.7,1592.6,1422.0,818.4,634.84,84.34,236.46,144.53,105.13,588.33,3.46,1,0.191,3.3,2.0,5.1,1.4,85.04,49.0
2026-06-28,14.27,11.59,8.68,32.42,1871.2,2579.5,1579.9,1419.0,816.7,635.34,84.41,236.05,144.16,105.08,588.33,3.55,1,0.186,3.3,2.0,5.2,1.4,85.03,49.0
2026-06-29,14.24,11.56,8.67,32.36,1857.3,2556.1,1567.3,1415.8,814.9,635.82,84.48,235.66,143.77,105.03,588.32,3.62,1,0.18,3.3,2.1,5.4,1.5,85.02,49.0
2026-06-30,14.21,11.53,8.67,32.31,1843.8,2533.8,1554.9,1412.5,813.1,636.27,84.54,235.3,143.39,104.98,588.3,3.69,1,0.173,3.3,2.2,5.4,1.5,85.01,49.0
2026-07-01,14.17,11.5,8.67,32.25,1830.8,2512.6,1542.7,1409.1,811.2,636.68,84.59,234.95,142.99,104.92,588.27,3.74,1,0.166,3.3,2.3,5.5,1.5,85.0,49.0
2026-07-02,14.14,11.48,8.66,32.2,1818.3,2492.7,1530.7,1405.6,809.2,637.06,84.64,234.63,142.59,104.86,588.22,3.78,1,0.157,3.2,2.4,5.5,1.6,84.99,49.0
2026-07-03,14.11,11.45,8.66,32.14,1806.4,2474.1,1518.9,1402.0,807.3,637.4,84.67,234.33,142.19,104.79,588.17,3.8,1,0.148,3.2,2.5,5.5,1.6,84.98,49.0
2026-07-04,14.08,11.43,8.65,32.09,1795.1,2456.9,1507.4,1398.2,805.2,637.69,84.7,234.05,141.77,104.71,588.11,3.8,1,0.139,3.1,2.5,5.4,1.6,84.97,49.0
2026-07-05,14.05,11.41,8.64,32.03,1784.5,2441.2,1496.1,1394.4,803.2,637.94,84.72,233.79,141.35,104.63,588.03,3.79,1,0.128,3.1,2.6,5.4,1.6,84.96,49.1
2026-07-06,14.02,11.39,8.64,31.98,1774.5,2427.0,1485.1,1390.4,801.0,638.14,84.73,233.55,140.93,104.54,587.95,3.76,1,0.117,3.0,2.7,5.3,1.6,84.95,49.1
2026-07-07,13.99,11.37,8.63,31.93,1765.2,2414.4,1474.4,1386.3,798.9,638.28,84.73,233.33,140.5,104.44,587.86,3.71,1,0.106,2.9,2.7,5.2,1.6,84.94,49.1
2026-07-08,13.97,11.36,8.63,31.88,1756.7,2403.4,1464.0,1382.2,796.7,638.36,84.71,233.13,140.06,104.33,587.77,3.66,1,0.094,2.8,2.7,5.0,1.6,84.93,49.1
2026-07-09,13.94,11.35,8.62,31.83,1748.8,2394.0,1454.0,1377.9,794.4,638.39,84.69,232.95,139.62,104.21,587.67,3.58,1,0.082,2.7,2.8,4.9,1.6,84.92,49.1
2026-07-10,13.91,11.34,8.61,31.78,1741.7,2386.2,1444.3,1373.6,792.1,638.35,84.65,232.78,139.17,104.09,587.56,3.5,1,0.07,2.6,2.8,4.7,1.6,84.91,49.1
2026-07-11,13.89,11.33,8.6,31.73,1735.3,2380.1,1434.9,1369.2,789.8,638.26,84.6,232.63,138.72,103.96,587.45,3.41,1,0.057,2.5,2.8,4.5,1.6,84.91,49.1
2026-07-12,13.86,11.32,8.6,31.69,1729.7,2375.5,1425.9,1364.7,787.4,638.1,84.53,232.49,138.27,103.82,587.34,3.3,1,0.055,2.4,2.8,4.5,1.5,84.9,49.1
2026-07-13,13.84,11.32,8.59,31.64,1724.7,2372.4,1417.3,1360.2,785.0,637.87,84.46,232.37,137.81,103.68,587.22,3.2,1,0.068,2.6,2.8,4.7,1.5,84.89,49.1
2026-07-14,13.81,11.31,8.58,31.6,1720.4,2370.8,1409.1,1355.6,782.5,637.58,84.37,232.26,137.34,103.52,587.1,3.08,1,0.08,2.7,2.8,4.8,1.5,84.88,49.2
2026-07-15,13.79,11.31,8.57,31.55,1716.8,2370.6,1401.2,1350.9,780.1,637.22,84.26,232.17,136.87,103.36,586.98,3.03,1,0.092,2.8,2.7,5.0,1.5,84.88,49.2
2026-07-16,13.77,11.31,8.56,31.51,1713.8,2371.7,1393.7,1346.2,777.6,636.79,84.14,232.09,136.4,103.19,586.86,3.14,1,0.104,2.9,2.7,5.1,1.4,84.87,49.2
2026-07-17,13.75,11.31,8.55,31.47,1711.4,2374.1,1386.6,1341.5,775.0,636.29,84.01,232.02,135.92,103.02,586.74,3.26,1,0.115,3.0,2.7,5.3,1.4,84.86,49.2
2026-07-18,13.73,11.32,8.55,31.43,1709.6,2377.6,1379.9,1336.7,772.4,635.73,83.87,231.96,135.44,102.84,586.62,3.36,1,0.126,3.0,2.6,5.4,1.4,84.86,49.2
2026-07-19,13.71,11.32,8.54,31.39,1708.3,2382.1,1373.5,1331.9,769.8,635.09,83.71,231.91,134.96,102.65,586.49,3.46,1,0.137,3.1,2.5,5.4,1.3,84.85,49.2
2026-07-20,13.69,11.32,8.53,31.36,1707.4,2387.5,1367.6,1327.0,767.2,634.39,83.54,231.87,134.48,102.45,586.38,3.55,1,0.147,3.2,2.5,5.5,1.3,84.85,49.3
2026-07-21,13.67,11.33,8.52,31.32,1706.9,2393.6,1362.0,1322.2,764.6,633.63,83.35,231.84,133.99,102.25,586.26,3.62,1,0.156,3.2,2.4,5.5,1.2,84.84,49.3
2026-07-22,13.65,11.34,8.51,31.29,1706.9,2400.5,1356.8,1317.3,761.9,632.8,83.15,231.81,133.5,102.05,586.14,3.69,1,0.164,3.3,2.3,5.5,1.2,84.84,49.3
2026-07-23,13.63,11.34,8.5,31.25,1707.1,2407.8,1351.9,1312.5,759.2,631.91,82.94,231.79,133.0,101.84,586.03,3.74,1,0.172,3.3,2.2,5.4,1.2,84.83,49.3
2026-07-24,13.61,11.35,8.49,31.22,1707.6,2415.4,1347.4,1307.6,756.5,630.95,82.72,231.78,132.51,101.63,585.92,3.78,1,0.179,3.3,2.2,5.4,1.1,84.83,49.3
2026-07-25,13.6,11.36,8.48,31.19,1708.2,2423.3,1343.2,1302.8,753.7,629.94,82.48,231.77,132.01,101.41,585.82,3.8,1,0.185,3.3,2.1,5.3,1.1,84.82,49.4
2026-07-26,13.58,11.36,8.47,31.16,1709.0,2431.3,1339.4,1297.9,751.0,628.87,82.23,231.76,131.51,101.2,585.72,3.8,1,0.19,3.3,2.0,5.1,1.2,84.82,49.4
2026-07-27,13.57,11.37,8.46,31.13,1709.8,2439.1,1335.8,1293.1,748.3,627.75,81.98,231.75,131.01,100.98,585.63,3.79,1,0.194,3.2,2.1,5.0,1.2,84.82,49.4
2026-07-28,13.55,11.38,8.45,31.1,1710.7,2446.8,1332.6,1288.4,745.5,626.57,81.71,231.75,130.51,100.76,585.54,3.76,1,0.197,3.2,2.2,4.8,1.3,84.82,49.4
2026-07-29,13.54,11.38,8.44,31.07,1711.5,2454.2,1329.6,1283.6,742.7,625.35,81.43,231.74,130.0,100.54,585.45,3.71,1,0.199,3.1,2.3,4.7,1.3,84.81,49.4
2026-07-30,13.53,11.39,8.42,31.04,1712.3,2461.0,1327.0,1279.0,739.9,624.08,81.14,231.74,129.5,100.32,585.38,3.66,1,0.2,3.1,2.4,4.5,1.4,84.81,49.5
2026-07-31,13.51,11.39,8.41,31.02,1712.9,2467.3,1324.5,1274.3,737.2,622.77,80.85,231.73,128.99,100.1,585.31,3.58,1,0.2,3.0,2.4,4.5,1.4,84.81,49.5
2026-08-01,13.5,11.4,8.4,30.99,1713.3,2472.9,1322.3,1269.8,734.4,621.43,80.55,231.72,128.49,99.88,585.24,3.5,1,0.199,2.9,2.5,4.7,1.4,84.81,49.5
2026-08-02,13.49,11.4,8.39,30.97,1713.4,2477.6,1320.4,1265.3,731.6,620.05,80.24,231.71,127.99,99.67,585.19,3.41,1,0.197,2.8,2.6,4.9,1.5,84.81,49.5
2026-08-03,13.48,11.4,8.38,30.95,1713.2,2481.4,1318.6,1260.9,728.8,618.64,79.92,231.69,127.48,99.46,585.14,3.3,1,0.193,2.7,2.6,5.0,1.5,84.81,49.6
2026-08-04,13.47,11.4,8.37,30.92,1712.7,2484.2,1317.0,1256.5,726.1,617.2,79.6,231.67,126.98,99.26,585.09,3.19,1,0.189,2.6,2.7,5.2,1.5,84.81,49.6
2026-08-05,13.46,11.39,8.36,30.9,1711.8,2486.0,1315.5,1252.3,723.3,615.74,79.28,231.64,126.48,99.06,585.06,3.08,1,0.184,2.5,2.7,5.3,1.5,84.81,49.6
2026-08-06,13.45,11.39,8.35,30.88,1710.5,2486.5,1314.2,1248.1,720.5,614.27,78.95,231.61,125.98,98.87,585.03,3.03,1,0.178,2.4,2.8,5.4,1.6,84.81,49.7
2026-08-07,13.44,11.38,8.34,30.85,1708.8,2485.9,1313.0,1244.0,717.8,612.78,78.62,231.57,125.48,98.69,585.01,3.15,1,0.171,2.5,2.8,5.4,1.6,84.82,49.7
2026-08-08,13.43,11.38,8.33,30.83,1706.7,2484.1,1311.9,1240.0,715.1,611.29,78.29,231.51,124.98,98.51,585.0,3.26,1,0.163,2.7,2.8,5.5,1.6,84.82,49.7
2026-08-09,13.42,11.37,8.32,30.81,1704.2,2481.0,1310.9,1236.2,712.4,609.79,77.95,231.45,124.48,98.35,585.0,3.36,1,0.155,2.8,2.8,5.5,1.6,84.82,49.7
2026-08-10,13.41,11.36,8.31,30.79,1701.1,2476.7,1310.0,1232.4,709.7,608.29,77.62,231.38,123.99,98.19,585.01,3.46,1,0.146,2.9,2.8,5.5,1.6,84.82,49.8
2026-08-11,13.4,11.34,8.3,30.77,1697.6,2471.0,1309.0,1228.8,707.0,606.79,77.29,231.3,123.5,98.05,585.02,3.55,1,0.136,3.0,2.8,5.4,1.6,84.83,49.8
2026-08-12,13.39,11.33,8.29,30.75,1693.6,2464.2,1308.1,1225.3,704.4,605.31,76.96,231.21,123.01,97.92,585.04,3.63,1,0.125,3.0,2.8,5.4,1.6,84.83,49.8
2026-08-13,13.38,11.31,8.29,30.73,1689.2,2456.1,1307.2,1221.9,701.8,603.84,76.63,231.1,122.53,97.8,585.07,3.69,1,0.114,3.1,2.7,5.2,1.6,84.84,49.9
2026-08-14,13.37,11.29,8.28,30.71,1684.3,2446.9,1306.3,1218.7,699.2,602.39,76.31,230.99,122.04,97.7,585.1,3.74,1,0.102,3.2,2.7,5.1,1.6,84.84,49.9
2026-08-15,13.36,11.28,8.27,30.69,1679.0,2436.6,1305.3,1215.6,696.7,600.96,75.99,230.86,121.56,97.61,585.15,3.78,1,0.091,3.2,2.6,5.0,1.6,84.85,49.9
2026-08-16,13.35,11.26,8.26,30.67,1673.3,2425.2,1304.3,1212.6,694.1,599.56,75.67,230.71,121.09,97.54,585.2,3.8,1,0.078,3.3,2.6,4.8,1.5,84.85,50.0
2026-08-17,13.34,11.23,8.25,30.65,1667.3,2412.9,1303.2,1209.8,691.7,598.19,75.37,230.55,120.62,97.48,585.26,3.8,1,0.066,3.3,2.5,4.6,1.5,84.86,50.0
2026-08-18,13.33,11.21,8.24,30.63,1660.9,2399.7,1302.1,1207.1,689.2,596.85,75.07,230.38,120.15,97.45,585.33,3.79,1,0.054,3.3,2.4,4.5,1.5,84.87,50.0
2026-08-19,13.33,11.19,8.24,30.61,1654.1,2385.8,1300.8,1204.5,686.8,595.55,74.77,230.19,119.69,97.43,585.4,3.76,1,0.059,3.3,2.3,4.5,1.5,84.87,50.1
2026-08-20,13.32,11.16,8.23,30.59,1647.2,2371.2,1299.5,1202.1,684.5,594.3,74.49,229.99,119.23,97.42,585.48,3.71,1,0.071,3.3,2.3,4.7,1.4,84.88,50.1
2026-08-21,13.31,11.14,8.22,30.57,1640.0,2356.0,1298.0,1199.9,682.2,593.09,74.21,229.77,118.78,97.44,585.56,3.65,1,0.084,3.2,2.2,4.9,1.4,84.89,50.1
2026-08-22,13.3,11.11,8.22,30.55,1632.7,2340.5,1296.4,1197.8,679.9,591.93,73.95,229.54,118.33,97.48,585.65,3.58,1,0.096,3.2,2.1,5.0,1.3,84.9,50.2
2026-08-23,13.29,11.09,8.21,30.53,1625.2,2324.7,1294.6,1195.9,677.7,590.82,73.69,229.29,117.89,97.54,585.75,3.5,1,0.107,3.1,2.0,5.2,1.3,84.91,50.2
2026-08-24,13.28,11.06,8.21,30.51,1617.7,2308.8,1292.7,1194.1,675.5,589.77,73.45,229.02,117.46,97.62,585.85,3.4,1,0.119,3.1,2.1,5.3,1.3,84.92,50.2
2026-08-25,13.27,11.04,8.2,30.49,1610.2,2292.8,1290.7,1192.5,673.4,588.77,73.22,228.74,117.03,97.72,585.95,3.3,1,0.13,3.0,2.2,5.4,1.2,84.93,50.3
2026-08-26,13.26,11.01,8.2,30.47,1602.7,2277.0,1288.5,1191.1,671.4,587.83,73.0,228.44,116.6,97.85,586.06,3.19,1,0.14,2.9,2.3,5.5,1.2,84.94,50.3
2026-08-27,13.25,10.99,8.19,30.45,1595.3,2261.4,1286.1,1189.8,669.4,586.96,72.79,228.13,116.19,98.0,586.17,3.08,1,0.15,2.8,2.3,5.5,1.1,84.95,50.3
2026-08-28,13.24,10.97,8.19,30.42,1588.0,2246.2,1283.6,1188.6,667.4,586.15,72.6,227.8,115.78,98.17,586.29,3.03,1,0.159,2.7,2.4,5.5,1.1,84.96,50.4
2026-08-29,13.22,10.94,8.19,30.4,1581.0,2231.6,1280.9,1187.6,665.6,585.4,72.41,227.45,115.37,98.36,586.41,3.15,1,0.167,2.6,2.5,5.5,1.2,84.97,50.4
2026-08-30,13.21,10.92,8.18,30.38,1574.2,2217.6,1278.1,1186.8,663.7,584.72,72.25,227.09,114.98,98.58,586.53,3.26,1,0.174,2.5,2.6,5.4,1.2,84.98,50.5
2026-08-31,13.2,10.9,8.18,30.36,1567.7,2204.3,1275.1,1186.2,662.0,584.11,72.09,226.71,114.59,98.82,586.65,3.36,1,0.181,2.4,2.6,5.3,1.2,84.99,50.5
