date,bay_of_bengal_wave_height_m,swell_height_m,windspeed_10m_max_kmh,precipitation_sum_mm,monsoon_active_flag,cyclone_disruption_index,unit_wave
2020-01-01,0.86,0.72,15.9,0.0,0,0.0,meters
2020-01-02,0.86,0.72,17.7,0.7,0,0.0,meters
2020-01-03,0.86,0.72,18.4,15.0,1,0.0,meters
2020-01-04,0.86,0.72,12.8,16.8,1,0.0,meters
2020-01-05,0.86,0.72,14.1,0.6,0,0.0,meters
2020-01-06,0.86,0.72,15.3,0.0,0,0.0,meters
2020-01-07,0.86,0.72,9.9,0.0,0,0.0,meters
2020-01-08,0.86,0.72,10.8,0.0,0,0.0,meters
2020-01-09,0.86,0.72,12.2,0.0,0,0.0,meters
2020-01-10,0.86,0.72,16.9,1.0,0,0.0,meters
2020-01-11,0.86,0.72,16.0,0.0,0,0.0,meters
2020-01-12,0.86,0.72,13.7,0.0,0,0.0,meters
2020-01-13,0.86,0.72,10.8,0.0,0,0.0,meters
2020-01-14,0.86,0.72,9.9,0.0,0,0.0,meters
2020-01-15,0.86,0.72,10.0,0.0,0,0.0,meters
2020-01-16,0.86,0.72,8.9,0.0,0,0.0,meters
2020-01-17,0.86,0.72,11.1,0.0,0,0.0,meters
2020-01-18,0.86,0.72,11.0,0.0,0,0.0,meters
2020-01-19,0.86,0.72,9.9,0.0,0,0.0,meters
2020-01-20,0.86,0.72,15.8,0.0,0,0.0,meters
2020-01-21,0.86,0.72,14.0,0.4,0,0.0,meters
2020-01-22,0.86,0.72,11.2,0.0,0,0.0,meters
2020-01-23,0.86,0.72,14.4,0.0,0,0.0,meters
2020-01-24,0.86,0.72,18.5,0.1,0,0.0,meters
2020-01-25,0.86,0.72,13.0,0.0,0,0.0,meters
2020-01-26,0.86,0.72,10.8,0.7,0,0.0,meters
2020-01-27,0.86,0.72,14.0,0.0,0,0.0,meters
2020-01-28,0.86,0.72,16.7,0.0,0,0.0,meters
2020-01-29,0.86,0.72,17.8,4.9,0,0.0,meters
2020-01-30,0.86,0.72,17.7,6.6,0,0.0,meters
2020-01-31,0.86,0.72,17.4,0.0,0,0.0,meters
2020-02-01,0.86,0.72,14.4,0.7,0,0.0,meters
2020-02-02,0.86,0.72,16.1,0.3,0,0.0,meters
2020-02-03,0.86,0.72,16.4,0.0,0,0.0,meters
2020-02-04,0.86,0.72,12.0,0.0,0,0.0,meters
2020-02-05,0.86,0.72,12.7,11.7,1,0.0,meters
2020-02-06,0.86,0.72,13.0,0.0,0,0.0,meters
2020-02-07,0.86,0.72,18.3,22.0,1,0.0,meters
2020-02-08,0.86,0.72,18.3,2.8,0,0.0,meters
2020-02-09,0.86,0.72,14.0,0.0,0,0.0,meters
2020-02-10,0.86,0.72,14.3,0.0,0,0.0,meters
2020-02-11,0.86,0.72,11.6,0.0,0,0.0,meters
2020-02-12,0.86,0.72,12.5,0.0,0,0.0,meters
2020-02-13,0.86,0.72,10.5,0.0,0,0.0,meters
2020-02-14,0.86,0.72,12.7,0.0,0,0.0,meters
2020-02-15,0.86,0.72,13.7,0.0,0,0.0,meters
2020-02-16,0.86,0.72,10.2,0.1,0,0.0,meters
2020-02-17,0.86,0.72,13.3,0.0,0,0.0,meters
2020-02-18,0.86,0.72,10.9,0.0,0,0.0,meters
2020-02-19,0.86,0.72,16.2,0.0,0,0.0,meters
2020-02-20,0.86,0.72,14.3,0.0,0,0.0,meters
2020-02-21,0.86,0.72,10.5,0.0,0,0.0,meters
2020-02-22,0.86,0.72,11.5,0.0,0,0.0,meters
2020-02-23,0.86,0.72,12.3,0.0,0,0.0,meters
2020-02-24,0.86,0.72,11.5,0.0,0,0.0,meters
2020-02-25,0.86,0.72,14.5,4.3,0,0.0,meters
2020-02-26,0.86,0.72,10.1,17.7,1,0.0,meters
2020-02-27,0.86,0.72,10.7,0.1,0,0.0,meters
2020-02-28,0.86,0.72,9.7,1.1,0,0.0,meters
2020-02-29,0.86,0.72,13.5,0.1,0,0.0,meters
2020-03-01,0.86,0.72,13.9,0.1,0,0.0,meters
2020-03-02,0.86,0.72,13.7,0.0,0,0.0,meters
2020-03-03,0.86,0.72,16.3,0.0,0,0.0,meters
2020-03-04,0.86,0.72,17.2,0.0,0,0.0,meters
2020-03-05,0.86,0.72,17.0,0.0,0,0.0,meters
2020-03-06,0.86,0.72,15.2,8.1,0,0.0,meters
2020-03-07,0.86,0.72,15.2,1.4,0,0.0,meters
2020-03-08,0.86,0.72,17.5,3.7,0,0.0,meters
2020-03-09,0.86,0.72,14.1,0.0,0,0.0,meters
2020-03-10,0.86,0.72,12.7,1.2,0,0.0,meters
2020-03-11,0.86,0.72,18.4,0.0,0,0.0,meters
2020-03-12,0.86,0.72,19.5,0.0,0,0.0,meters
2020-03-13,0.86,0.72,13.9,0.0,0,0.0,meters
2020-03-14,0.86,0.72,16.2,0.0,0,0.0,meters
2020-03-15,0.86,0.72,15.6,0.0,0,0.0,meters
2020-03-16,0.86,0.72,10.5,0.5,0,0.0,meters
2020-03-17,0.86,0.72,13.3,0.4,0,0.0,meters
2020-03-18,0.86,0.72,13.5,0.6,0,0.0,meters
2020-03-19,0.86,0.72,14.1,13.4,1,0.0,meters
2020-03-20,0.86,0.72,18.5,0.1,0,0.0,meters
2020-03-21,0.86,0.72,15.3,2.9,0,0.0,meters
2020-03-22,0.86,0.72,16.3,12.3,1,0.0,meters
2020-03-23,0.86,0.72,14.8,0.9,0,0.0,meters
2020-03-24,0.86,0.72,14.5,0.7,0,0.0,meters
2020-03-25,0.86,0.72,17.6,0.2,0,0.0,meters
2020-03-26,0.86,0.72,14.0,0.0,0,0.0,meters
2020-03-27,0.86,0.72,17.4,0.0,0,0.0,meters
2020-03-28,0.86,0.72,12.6,0.0,0,0.0,meters
2020-03-29,0.86,0.72,15.0,0.0,0,0.0,meters
2020-03-30,0.86,0.72,13.3,0.0,0,0.0,meters
2020-03-31,0.86,0.72,15.5,0.0,0,0.0,meters
2020-04-01,0.86,0.72,16.3,0.0,0,0.0,meters
2020-04-02,0.86,0.72,21.3,0.0,0,0.0,meters
2020-04-03,0.86,0.72,22.7,0.0,0,0.0,meters
2020-04-04,0.86,0.72,17.8,0.0,0,0.0,meters
2020-04-05,0.86,0.72,15.0,0.3,0,0.0,meters
2020-04-06,0.86,0.72,16.7,0.0,0,0.0,meters
2020-04-07,0.86,0.72,20.2,0.0,0,0.0,meters
2020-04-08,0.86,0.72,16.8,0.1,0,0.0,meters
2020-04-09,0.86,0.72,20.3,0.0,0,0.0,meters
2020-04-10,0.86,0.72,16.6,0.0,0,0.0,meters
2020-04-11,0.86,0.72,20.1,0.0,0,0.0,meters
2020-04-12,0.86,0.72,19.2,2.4,0,0.0,meters
2020-04-13,0.86,0.72,21.3,0.0,0,0.0,meters
2020-04-14,0.86,0.72,22.7,0.0,0,0.0,meters
2020-04-15,0.86,0.72,22.9,0.0,0,0.0,meters
2020-04-16,0.86,0.72,23.9,0.0,0,0.0,meters
2020-04-17,0.86,0.72,26.8,0.0,0,0.0,meters
2020-04-18,0.86,0.72,25.3,0.2,0,0.0,meters
2020-04-19,0.86,0.72,24.5,3.4,0,0.0,meters
2020-04-20,0.86,0.72,23.6,0.0,0,0.0,meters
2020-04-21,0.86,0.72,22.4,0.2,0,0.0,meters
2020-04-22,0.86,0.72,25.9,1.2,0,0.0,meters
2020-04-23,0.86,0.72,24.6,2.4,0,0.0,meters
2020-04-24,0.86,0.72,27.8,0.0,0,0.0,meters
2020-04-25,0.86,0.72,27.0,1.1,0,0.0,meters
2020-04-26,0.86,0.72,18.3,6.1,0,0.0,meters
2020-04-27,0.86,0.72,14.7,3.2,0,0.0,meters
2020-04-28,0.86,0.72,16.5,8.1,0,0.0,meters
2020-04-29,0.86,0.72,16.1,4.1,0,0.0,meters
2020-04-30,0.86,0.72,17.7,3.8,0,0.0,meters
2020-05-01,0.86,0.72,14.3,3.3,0,0.0,meters
2020-05-02,0.86,0.72,18.2,0.0,0,0.0,meters
2020-05-03,0.86,0.72,25.9,0.4,0,0.0,meters
2020-05-04,0.86,0.72,22.6,0.0,0,0.0,meters
2020-05-05,0.86,0.72,22.7,0.2,0,0.0,meters
2020-05-06,0.86,0.72,22.4,0.1,0,0.0,meters
2020-05-07,0.86,0.72,20.1,0.0,0,0.0,meters
2020-05-08,0.86,0.72,19.4,0.0,0,0.0,meters
2020-05-09,0.86,0.72,18.4,0.0,0,0.0,meters
2020-05-10,0.86,0.72,19.3,0.0,0,0.0,meters
2020-05-11,0.86,0.72,14.4,0.0,0,0.0,meters
2020-05-12,0.86,0.72,15.9,0.0,0,0.0,meters
2020-05-13,0.86,0.72,19.2,0.0,0,0.0,meters
2020-05-14,0.86,0.72,21.3,0.0,0,0.0,meters
2020-05-15,0.86,0.72,20.3,0.0,0,0.0,meters
2020-05-16,0.86,0.72,18.8,0.0,0,0.0,meters
2020-05-17,0.86,0.72,15.7,0.0,0,0.0,meters
2020-05-18,0.86,0.72,13.8,0.0,0,0.0,meters
2020-05-19,0.86,0.72,42.6,29.1,1,0.0,meters
2020-05-20,0.86,0.72,58.8,89.2,1,0.0,meters
2020-05-21,0.86,0.72,17.0,0.0,0,0.0,meters
2020-05-22,0.86,0.72,23.2,0.0,0,0.0,meters
2020-05-23,0.86,0.72,24.5,0.0,0,0.0,meters
2020-05-24,0.86,0.72,29.0,0.0,0,0.0,meters
2020-05-25,0.86,0.72,31.9,0.0,0,0.0,meters
2020-05-26,0.86,0.72,32.8,0.0,0,0.0,meters
2020-05-27,0.86,0.72,33.4,0.0,0,0.0,meters
2020-05-28,0.86,0.72,31.1,1.2,0,0.0,meters
2020-05-29,0.86,0.72,24.0,0.4,0,0.0,meters
2020-05-30,0.86,0.72,26.7,0.0,0,0.0,meters
2020-05-31,0.86,0.72,21.9,0.7,0,0.0,meters
2020-06-01,0.86,0.72,22.7,2.1,1,0.0,meters
2020-06-02,0.86,0.72,22.4,0.5,1,0.0,meters
2020-06-03,0.86,0.72,18.3,2.3,1,0.0,meters
2020-06-04,0.86,0.72,22.8,3.5,1,0.0,meters
2020-06-05,0.86,0.72,26.9,0.1,1,0.0,meters
2020-06-06,0.86,0.72,19.9,1.3,1,0.0,meters
2020-06-07,0.86,0.72,21.1,1.2,1,0.0,meters
2020-06-08,0.86,0.72,13.2,10.4,1,0.0,meters
2020-06-09,0.86,0.72,12.9,1.3,1,0.0,meters
2020-06-10,0.86,0.72,14.3,5.9,1,0.0,meters
2020-06-11,0.86,0.72,16.4,17.8,1,0.0,meters
2020-06-12,0.86,0.72,18.8,10.4,1,0.0,meters
2020-06-13,0.86,0.72,22.3,6.9,1,0.0,meters
2020-06-14,0.86,0.72,17.3,17.8,1,0.0,meters
2020-06-15,0.86,0.72,22.8,26.5,1,0.0,meters
2020-06-16,0.86,0.72,22.9,14.8,1,0.0,meters
2020-06-17,0.86,0.72,28.5,4.6,1,0.0,meters
2020-06-18,0.86,0.72,25.3,2.5,1,0.0,meters
2020-06-19,0.86,0.72,18.0,2.6,1,0.0,meters
2020-06-20,0.86,0.72,12.9,11.1,1,0.0,meters
2020-06-21,0.86,0.72,22.5,12.2,1,0.0,meters
2020-06-22,0.86,0.72,28.9,2.7,1,0.0,meters
2020-06-23,0.86,0.72,25.6,2.1,1,0.0,meters
2020-06-24,0.86,0.72,24.4,0.4,1,0.0,meters
2020-06-25,0.86,0.72,23.1,0.0,1,0.0,meters
2020-06-26,0.86,0.72,24.5,0.5,1,0.0,meters
2020-06-27,0.86,0.72,23.7,1.4,1,0.0,meters
2020-06-28,0.86,0.72,20.9,5.0,1,0.0,meters
2020-06-29,0.86,0.72,15.6,3.8,1,0.0,meters
2020-06-30,0.86,0.72,22.0,0.4,1,0.0,meters
2020-07-01,0.86,0.72,27.2,2.1,1,0.0,meters
2020-07-02,0.86,0.72,23.0,1.2,1,0.0,meters
2020-07-03,0.86,0.72,18.7,1.5,1,0.0,meters
2020-07-04,0.86,0.72,15.9,3.2,1,0.0,meters
2020-07-05,0.86,0.72,19.1,14.3,1,0.0,meters
2020-07-06,0.86,0.72,21.4,9.3,1,0.0,meters
2020-07-07,0.86,0.72,22.1,1.1,1,0.0,meters
2020-07-08,0.86,0.72,21.0,6.8,1,0.0,meters
2020-07-09,0.86,0.72,23.2,9.0,1,0.0,meters
2020-07-10,0.86,0.72,26.9,1.3,1,0.0,meters
2020-07-11,0.86,0.72,21.9,6.7,1,0.0,meters
2020-07-12,0.86,0.72,14.3,24.0,1,0.0,meters
2020-07-13,0.86,0.72,14.0,10.0,1,0.0,meters
2020-07-14,0.86,0.72,12.5,21.0,1,0.0,meters
2020-07-15,0.86,0.72,25.5,6.8,1,0.0,meters
2020-07-16,0.86,0.72,25.3,3.5,1,0.0,meters
2020-07-17,0.86,0.72,26.9,3.3,1,0.0,meters
2020-07-18,0.86,0.72,24.5,4.7,1,0.0,meters
2020-07-19,0.86,0.72,26.6,1.1,1,0.0,meters
2020-07-20,0.86,0.72,28.4,1.4,1,0.0,meters
2020-07-21,0.86,0.72,27.5,4.4,1,0.0,meters
2020-07-22,0.86,0.72,20.7,9.5,1,0.0,meters
2020-07-23,0.86,0.72,18.4,30.8,1,0.0,meters
2020-07-24,0.86,0.72,18.2,9.3,1,0.0,meters
2020-07-25,0.86,0.72,20.4,0.2,1,0.0,meters
2020-07-26,0.86,0.72,16.0,3.1,1,0.0,meters
2020-07-27,0.86,0.72,15.0,11.9,1,0.0,meters
2020-07-28,0.86,0.72,18.6,3.5,1,0.0,meters
2020-07-29,0.86,0.72,20.2,1.4,1,0.0,meters
2020-07-30,0.86,0.72,14.1,1.2,1,0.0,meters
2020-07-31,0.86,0.72,16.3,5.6,1,0.0,meters
2020-08-01,0.86,0.72,19.9,1.1,1,0.0,meters
2020-08-02,0.86,0.72,13.9,18.7,1,0.0,meters
2020-08-03,0.86,0.72,16.7,17.6,1,0.0,meters
2020-08-04,0.86,0.72,15.1,31.6,1,0.0,meters
2020-08-05,0.86,0.72,23.0,12.3,1,0.0,meters
2020-08-06,0.86,0.72,20.9,2.6,1,0.0,meters
2020-08-07,0.86,0.72,20.4,9.8,1,0.0,meters
2020-08-08,0.86,0.72,11.0,41.0,1,0.0,meters
2020-08-09,0.86,0.72,16.3,11.0,1,0.0,meters
2020-08-10,0.86,0.72,17.5,1.7,1,0.0,meters
2020-08-11,0.86,0.72,17.2,6.2,1,0.0,meters
2020-08-12,0.86,0.72,15.5,15.6,1,0.0,meters
2020-08-13,0.86,0.72,13.8,11.0,1,0.0,meters
2020-08-14,0.86,0.72,14.5,43.7,1,0.0,meters
2020-08-15,0.86,0.72,25.5,82.3,1,0.0,meters
2020-08-16,0.86,0.72,27.7,0.8,1,0.0,meters
2020-08-17,0.86,0.72,20.7,2.1,1,0.0,meters
2020-08-18,0.86,0.72,16.3,11.7,1,0.0,meters
2020-08-19,0.86,0.72,21.1,191.0,1,0.0,meters
2020-08-20,0.86,0.72,26.9,6.9,1,0.0,meters
2020-08-21,0.86,0.72,30.9,3.2,1,0.0,meters
2020-08-22,0.86,0.72,23.2,7.5,1,0.0,meters
2020-08-23,0.86,0.72,14.9,20.7,1,0.0,meters
2020-08-24,0.86,0.72,15.3,19.8,1,0.0,meters
2020-08-25,0.86,0.72,19.1,66.3,1,0.0,meters
2020-08-26,0.86,0.72,22.6,77.3,1,0.0,meters
2020-08-27,0.86,0.72,25.9,8.3,1,0.0,meters
2020-08-28,0.86,0.72,26.2,0.0,1,0.0,meters
2020-08-29,0.86,0.72,23.2,0.0,1,0.0,meters
2020-08-30,0.86,0.72,13.2,2.8,1,0.0,meters
2020-08-31,0.86,0.72,11.7,1.6,1,0.0,meters
2020-09-01,0.86,0.72,13.2,8.4,1,0.0,meters
2020-09-02,0.86,0.72,14.5,24.4,1,0.0,meters
2020-09-03,0.86,0.72,15.0,1.8,1,0.0,meters
2020-09-04,0.86,0.72,14.5,0.6,1,0.0,meters
2020-09-05,0.86,0.72,18.8,0.6,1,0.0,meters
2020-09-06,0.86,0.72,21.7,0.9,1,0.0,meters
2020-09-07,0.86,0.72,23.4,0.9,1,0.0,meters
2020-09-08,0.86,0.72,16.8,1.4,1,0.0,meters
2020-09-09,0.86,0.72,19.3,4.2,1,0.0,meters
2020-09-10,0.86,0.72,17.3,4.1,1,0.0,meters
2020-09-11,0.86,0.72,16.6,2.4,1,0.0,meters
2020-09-12,0.86,0.72,14.3,1.6,1,0.0,meters
2020-09-13,0.86,0.72,14.9,1.0,1,0.0,meters
2020-09-14,0.86,0.72,17.7,3.4,1,0.0,meters
2020-09-15,0.86,0.72,18.1,2.5,1,0.0,meters
2020-09-16,0.86,0.72,18.1,2.7,1,0.0,meters
2020-09-17,0.86,0.72,17.8,0.1,1,0.0,meters
2020-09-18,0.86,0.72,13.8,1.0,1,0.0,meters
2020-09-19,0.86,0.72,13.0,0.4,1,0.0,meters
2020-09-20,0.86,0.72,10.7,21.8,1,0.0,meters
2020-09-21,0.86,0.72,18.4,26.6,1,0.0,meters
2020-09-22,0.86,0.72,29.2,3.4,1,0.0,meters
2020-09-23,0.86,0.72,28.6,2.9,1,0.0,meters
2020-09-24,0.86,0.72,24.2,1.4,1,0.0,meters
2020-09-25,0.86,0.72,24.2,3.6,1,0.0,meters
2020-09-26,0.86,0.72,18.9,10.5,1,0.0,meters
2020-09-27,0.86,0.72,10.9,1.6,1,0.0,meters
2020-09-28,0.86,0.72,13.1,2.5,1,0.0,meters
2020-09-29,0.86,0.72,8.0,9.3,1,0.0,meters
2020-09-30,0.86,0.72,16.0,23.2,1,0.0,meters
2020-10-01,0.86,0.72,19.2,22.5,1,0.0,meters
2020-10-02,0.86,0.72,15.5,17.9,1,0.0,meters
2020-10-03,0.86,0.72,17.4,14.8,1,0.0,meters
2020-10-04,0.86,0.72,15.0,8.9,0,0.0,meters
2020-10-05,0.86,0.72,12.0,7.3,0,0.0,meters
2020-10-06,0.86,0.72,13.6,6.8,0,0.0,meters
2020-10-07,0.86,0.72,15.2,9.2,0,0.0,meters
2020-10-08,0.86,0.72,10.4,2.2,0,0.0,meters
2020-10-09,0.86,0.72,8.3,1.2,0,0.0,meters
2020-10-10,0.86,0.72,14.6,2.8,0,0.0,meters
2020-10-11,0.86,0.72,19.1,0.9,0,0.0,meters
2020-10-12,0.86,0.72,29.1,3.3,0,0.0,meters
2020-10-13,0.86,0.72,25.3,7.4,0,0.0,meters
2020-10-14,0.86,0.72,18.2,18.7,1,0.0,meters
2020-10-15,0.86,0.72,16.2,10.4,1,0.0,meters
2020-10-16,0.86,0.72,10.8,1.6,0,0.0,meters
2020-10-17,0.86,0.72,8.9,0.0,0,0.0,meters
2020-10-18,0.86,0.72,13.7,3.0,0,0.0,meters
2020-10-19,0.86,0.72,9.5,6.7,0,0.0,meters
2020-10-20,0.86,0.72,16.7,7.5,0,0.0,meters
2020-10-21,0.86,0.72,21.9,22.0,1,0.0,meters
2020-10-22,0.86,0.72,20.3,43.3,1,0.0,meters
2020-10-23,0.86,0.72,19.9,0.1,0,0.0,meters
2020-10-24,0.86,0.72,8.0,1.0,0,0.0,meters
2020-10-25,0.86,0.72,12.9,2.3,0,0.0,meters
2020-10-26,0.86,0.72,10.2,0.5,0,0.0,meters
2020-10-27,0.86,0.72,10.6,0.0,0,0.0,meters
2020-10-28,0.86,0.72,15.5,0.0,0,0.0,meters
2020-10-29,0.86,0.72,15.5,0.0,0,0.0,meters
2020-10-30,0.86,0.72,16.2,0.0,0,0.0,meters
2020-10-31,0.86,0.72,14.8,0.0,0,0.0,meters
2020-11-01,0.86,0.72,13.8,1.9,0,0.0,meters
2020-11-02,0.86,0.72,18.3,1.5,0,0.0,meters
2020-11-03,0.86,0.72,15.8,0.9,0,0.0,meters
2020-11-04,0.86,0.72,12.0,0.0,0,0.0,meters
2020-11-05,0.86,0.72,10.6,0.0,0,0.0,meters
2020-11-06,0.86,0.72,12.6,0.0,0,0.0,meters
2020-11-07,0.86,0.72,12.2,0.0,0,0.0,meters
2020-11-08,0.86,0.72,14.9,0.0,0,0.0,meters
2020-11-09,0.86,0.72,14.8,0.0,0,0.0,meters
2020-11-10,0.86,0.72,17.7,2.5,0,0.0,meters
2020-11-11,0.86,0.72,18.1,0.1,0,0.0,meters
2020-11-12,0.86,0.72,16.6,0.0,0,0.0,meters
2020-11-13,0.86,0.72,15.6,0.0,0,0.0,meters
2020-11-14,0.86,0.72,18.5,0.0,0,0.0,meters
2020-11-15,0.86,0.72,17.6,0.0,0,0.0,meters
2020-11-16,0.86,0.72,9.8,0.0,0,0.0,meters
2020-11-17,0.86,0.72,9.3,0.0,0,0.0,meters
2020-11-18,0.86,0.72,10.9,0.5,0,0.0,meters
2020-11-19,0.86,0.72,9.5,0.0,0,0.0,meters
2020-11-20,0.86,0.72,14.8,0.2,0,0.0,meters
2020-11-21,0.86,0.72,14.0,1.8,0,0.0,meters
2020-11-22,0.86,0.72,15.8,0.2,0,0.0,meters
2020-11-23,0.86,0.72,16.5,0.0,0,0.0,meters
2020-11-24,0.86,0.72,17.4,0.0,0,0.0,meters
2020-11-25,0.86,0.72,18.6,0.0,0,0.0,meters
2020-11-26,0.86,0.72,17.3,0.0,0,0.0,meters
2020-11-27,0.86,0.72,21.4,0.0,0,0.0,meters
2020-11-28,0.86,0.72,18.7,0.0,0,0.0,meters
2020-11-29,0.86,0.72,17.4,0.0,0,0.0,meters
2020-11-30,0.86,0.72,17.6,0.0,0,0.0,meters
2020-12-01,0.86,0.72,13.4,0.0,0,0.0,meters
2020-12-02,0.86,0.72,12.3,0.0,0,0.0,meters
2020-12-03,0.86,0.72,11.0,0.0,0,0.0,meters
2020-12-04,0.86,0.72,10.6,0.0,0,0.0,meters
2020-12-05,0.86,0.72,9.8,0.0,0,0.0,meters
2020-12-06,0.86,0.72,10.2,0.0,0,0.0,meters
2020-12-07,0.86,0.72,10.9,0.0,0,0.0,meters
2020-12-08,0.86,0.72,10.6,0.0,0,0.0,meters
2020-12-09,0.86,0.72,10.5,0.0,0,0.0,meters
2020-12-10,0.86,0.72,11.9,0.0,0,0.0,meters
2020-12-11,0.86,0.72,11.7,0.0,0,0.0,meters
2020-12-12,0.86,0.72,10.5,0.0,0,0.0,meters
2020-12-13,0.86,0.72,10.5,0.0,0,0.0,meters
2020-12-14,0.86,0.72,15.7,0.1,0,0.0,meters
2020-12-15,0.86,0.72,17.1,0.0,0,0.0,meters
2020-12-16,0.86,0.72,16.0,0.0,0,0.0,meters
2020-12-17,0.86,0.72,16.9,0.0,0,0.0,meters
2020-12-18,0.86,0.72,16.9,0.0,0,0.0,meters
2020-12-19,0.86,0.72,16.9,0.0,0,0.0,meters
2020-12-20,0.86,0.72,14.7,0.0,0,0.0,meters
2020-12-21,0.86,0.72,13.3,0.0,0,0.0,meters
2020-12-22,0.86,0.72,11.2,0.0,0,0.0,meters
2020-12-23,0.86,0.72,10.9,0.0,0,0.0,meters
2020-12-24,0.86,0.72,13.9,0.0,0,0.0,meters
2020-12-25,0.86,0.72,13.9,0.0,0,0.0,meters
2020-12-26,0.86,0.72,15.3,0.0,0,0.0,meters
2020-12-27,0.86,0.72,13.6,0.0,0,0.0,meters
2020-12-28,0.86,0.72,10.8,0.0,0,0.0,meters
2020-12-29,0.86,0.72,12.1,0.0,0,0.0,meters
2020-12-30,0.86,0.72,15.0,0.0,0,0.0,meters
2020-12-31,0.86,0.72,16.6,0.0,0,0.0,meters
2021-01-01,0.86,0.72,15.8,0.0,0,0.0,meters
2021-01-02,0.86,0.72,13.6,0.0,0,0.0,meters
2021-01-03,0.86,0.72,15.6,0.0,0,0.0,meters
2021-01-04,0.86,0.72,13.1,0.0,0,0.0,meters
2021-01-05,0.86,0.72,12.8,0.0,0,0.0,meters
2021-01-06,0.86,0.72,10.4,0.0,0,0.0,meters
2021-01-07,0.86,0.72,9.7,0.0,0,0.0,meters
2021-01-08,0.86,0.72,13.7,0.0,0,0.0,meters
2021-01-09,0.86,0.72,10.8,0.0,0,0.0,meters
2021-01-10,0.86,0.72,10.6,0.0,0,0.0,meters
2021-01-11,0.86,0.72,9.2,0.0,0,0.0,meters
2021-01-12,0.86,0.72,13.0,0.0,0,0.0,meters
2021-01-13,0.86,0.72,15.1,0.5,0,0.0,meters
2021-01-14,0.86,0.72,17.5,0.0,0,0.0,meters
2021-01-15,0.86,0.72,11.7,0.0,0,0.0,meters
2021-01-16,0.86,0.72,11.5,0.0,0,0.0,meters
2021-01-17,0.86,0.72,17.7,0.5,0,0.0,meters
2021-01-18,0.86,0.72,10.7,0.1,0,0.0,meters
2021-01-19,0.86,0.72,18.7,0.0,0,0.0,meters
2021-01-20,0.86,0.72,20.0,0.1,0,0.0,meters
2021-01-21,0.86,0.72,17.5,0.0,0,0.0,meters
2021-01-22,0.86,0.72,11.3,0.0,0,0.0,meters
2021-01-23,0.86,0.72,13.0,0.0,0,0.0,meters
2021-01-24,0.86,0.72,13.2,0.0,0,0.0,meters
2021-01-25,0.86,0.72,15.1,0.1,0,0.0,meters
2021-01-26,0.86,0.72,18.2,2.4,0,0.0,meters
2021-01-27,0.86,0.72,16.4,0.2,0,0.0,meters
2021-01-28,0.86,0.72,15.4,0.0,0,0.0,meters
2021-01-29,0.86,0.72,13.1,0.0,0,0.0,meters
2021-01-30,0.86,0.72,17.1,0.0,0,0.0,meters
2021-01-31,0.86,0.72,18.3,0.1,0,0.0,meters
2021-02-01,0.86,0.72,13.7,0.0,0,0.0,meters
2021-02-02,0.86,0.72,12.6,0.0,0,0.0,meters
2021-02-03,0.86,0.72,11.7,0.0,0,0.0,meters
2021-02-04,0.86,0.72,12.4,0.0,0,0.0,meters
2021-02-05,0.86,0.72,12.2,0.0,0,0.0,meters
2021-02-06,0.86,0.72,12.5,0.0,0,0.0,meters
2021-02-07,0.86,0.72,16.6,0.0,0,0.0,meters
2021-02-08,0.86,0.72,15.5,0.0,0,0.0,meters
2021-02-09,0.86,0.72,11.5,0.0,0,0.0,meters
2021-02-10,0.86,0.72,14.3,0.0,0,0.0,meters
2021-02-11,0.86,0.72,15.0,0.0,0,0.0,meters
2021-02-12,0.86,0.72,14.2,0.0,0,0.0,meters
2021-02-13,0.86,0.72,17.0,0.0,0,0.0,meters
2021-02-14,0.86,0.72,19.8,0.0,0,0.0,meters
2021-02-15,0.86,0.72,14.8,0.0,0,0.0,meters
2021-02-16,0.86,0.72,14.6,0.0,0,0.0,meters
2021-02-17,0.86,0.72,15.7,0.0,0,0.0,meters
2021-02-18,0.86,0.72,15.2,0.0,0,0.0,meters
2021-02-19,0.86,0.72,17.7,0.0,0,0.0,meters
2021-02-20,0.86,0.72,16.7,0.0,0,0.0,meters
2021-02-21,0.86,0.72,15.2,0.0,0,0.0,meters
2021-02-22,0.86,0.72,14.8,0.0,0,0.0,meters
2021-02-23,0.86,0.72,19.1,0.0,0,0.0,meters
2021-02-24,0.86,0.72,13.0,0.0,0,0.0,meters
2021-02-25,0.86,0.72,17.0,0.0,0,0.0,meters
2021-02-26,0.86,0.72,19.7,0.0,0,0.0,meters
2021-02-27,0.86,0.72,15.0,0.0,0,0.0,meters
2021-02-28,0.86,0.72,17.3,0.0,0,0.0,meters
2021-03-01,0.86,0.72,18.7,0.0,0,0.0,meters
2021-03-02,0.86,0.72,17.3,0.0,0,0.0,meters
2021-03-03,0.86,0.72,17.0,0.0,0,0.0,meters
2021-03-04,0.86,0.72,15.0,0.0,0,0.0,meters
2021-03-05,0.86,0.72,23.7,0.0,0,0.0,meters
2021-03-06,0.86,0.72,20.3,0.0,0,0.0,meters
2021-03-07,0.86,0.72,16.2,0.0,0,0.0,meters
2021-03-08,0.86,0.72,18.6,0.0,0,0.0,meters
2021-03-09,0.86,0.72,21.1,0.0,0,0.0,meters
2021-03-10,0.86,0.72,23.3,0.0,0,0.0,meters
2021-03-11,0.86,0.72,19.5,0.0,0,0.0,meters
2021-03-12,0.86,0.72,15.5,0.0,0,0.0,meters
2021-03-13,0.86,0.72,19.7,0.4,0,0.0,meters
2021-03-14,0.86,0.72,13.3,0.1,0,0.0,meters
2021-03-15,0.86,0.72,18.6,0.0,0,0.0,meters
2021-03-16,0.86,0.72,16.7,0.0,0,0.0,meters
2021-03-17,0.86,0.72,16.6,0.0,0,0.0,meters
2021-03-18,0.86,0.72,17.4,0.0,0,0.0,meters
2021-03-19,0.86,0.72,18.4,0.0,0,0.0,meters
2021-03-20,0.86,0.72,15.0,0.0,0,0.0,meters
2021-03-21,0.86,0.72,12.7,0.0,0,0.0,meters
2021-03-22,0.86,0.72,14.0,0.0,0,0.0,meters
2021-03-23,0.86,0.72,11.6,0.0,0,0.0,meters
2021-03-24,0.86,0.72,12.0,0.0,0,0.0,meters
2021-03-25,0.86,0.72,19.2,0.0,0,0.0,meters
2021-03-26,0.86,0.72,12.1,0.0,0,0.0,meters
2021-03-27,0.86,0.72,12.1,0.0,0,0.0,meters
2021-03-28,0.86,0.72,21.3,0.0,0,0.0,meters
2021-03-29,0.86,0.72,21.8,0.0,0,0.0,meters
2021-03-30,0.86,0.72,26.4,0.0,0,0.0,meters
2021-03-31,0.86,0.72,23.4,0.0,0,0.0,meters
2021-04-01,0.86,0.72,20.7,0.0,0,0.0,meters
2021-04-02,0.86,0.72,21.3,0.0,0,0.0,meters
2021-04-03,0.86,0.72,17.3,0.0,0,0.0,meters
2021-04-04,0.86,0.72,13.2,0.6,0,0.0,meters
2021-04-05,0.86,0.72,14.8,0.0,0,0.0,meters
2021-04-06,0.86,0.72,20.5,0.0,0,0.0,meters
2021-04-07,0.86,0.72,24.1,0.0,0,0.0,meters
2021-04-08,0.86,0.72,28.9,0.0,0,0.0,meters
2021-04-09,0.86,0.72,20.3,1.7,0,0.0,meters
2021-04-10,0.86,0.72,17.9,0.0,0,0.0,meters
2021-04-11,0.86,0.72,17.3,0.0,0,0.0,meters
2021-04-12,0.86,0.72,18.0,0.0,0,0.0,meters
2021-04-13,0.86,0.72,17.0,0.1,0,0.0,meters
2021-04-14,0.86,0.72,21.0,0.0,0,0.0,meters
2021-04-15,0.86,0.72,20.3,0.0,0,0.0,meters
2021-04-16,0.86,0.72,17.1,0.1,0,0.0,meters
2021-04-17,0.86,0.72,21.3,0.0,0,0.0,meters
2021-04-18,0.86,0.72,22.3,0.0,0,0.0,meters
2021-04-19,0.86,0.72,20.2,0.1,0,0.0,meters
2021-04-20,0.86,0.72,23.9,0.0,0,0.0,meters
2021-04-21,0.86,0.72,22.4,0.0,0,0.0,meters
2021-04-22,0.86,0.72,21.8,0.0,0,0.0,meters
2021-04-23,0.86,0.72,13.7,0.0,0,0.0,meters
2021-04-24,0.86,0.72,16.8,0.0,0,0.0,meters
2021-04-25,0.86,0.72,20.0,0.0,0,0.0,meters
2021-04-26,0.86,0.72,23.3,0.0,0,0.0,meters
2021-04-27,0.86,0.72,24.2,0.0,0,0.0,meters
2021-04-28,0.86,0.72,22.3,0.0,0,0.0,meters
2021-04-29,0.86,0.72,20.2,0.0,0,0.0,meters
2021-04-30,0.86,0.72,22.2,0.0,0,0.0,meters
2021-05-01,0.86,0.72,24.7,0.0,0,0.0,meters
2021-05-02,0.86,0.72,23.7,0.0,0,0.0,meters
2021-05-03,0.86,0.72,14.6,1.9,0,0.0,meters
2021-05-04,0.86,0.72,15.2,8.8,0,0.0,meters
2021-05-05,0.86,0.72,19.7,3.6,0,0.0,meters
2021-05-06,0.86,0.72,19.4,0.0,0,0.0,meters
2021-05-07,0.86,0.72,21.5,0.0,0,0.0,meters
2021-05-08,0.86,0.72,17.7,0.5,0,0.0,meters
2021-05-09,0.86,0.72,20.6,0.1,0,0.0,meters
2021-05-10,0.86,0.72,21.2,2.6,0,0.0,meters
2021-05-11,0.86,0.72,21.3,0.7,0,0.0,meters
2021-05-12,0.86,0.72,21.1,0.8,0,0.0,meters
2021-05-13,0.86,0.72,23.2,2.5,0,0.0,meters
2021-05-14,0.86,0.72,22.9,0.0,0,0.0,meters
2021-05-15,0.86,0.72,23.8,0.0,0,0.0,meters
2021-05-16,0.86,0.72,21.6,0.1,0,0.0,meters
2021-05-17,0.86,0.72,23.9,0.0,0,0.0,meters
2021-05-18,0.86,0.72,25.5,0.0,0,0.0,meters
2021-05-19,0.86,0.72,25.5,0.0,0,0.0,meters
2021-05-20,0.86,0.72,25.9,0.3,0,0.0,meters
2021-05-21,0.86,0.72,23.2,2.0,0,0.0,meters
2021-05-22,0.86,0.72,14.7,1.4,0,0.0,meters
2021-05-23,0.86,0.72,12.3,0.7,0,0.0,meters
2021-05-24,0.86,0.72,30.0,43.1,1,0.0,meters
2021-05-25,0.86,0.72,50.5,93.3,1,0.0,meters
2021-05-26,0.86,0.72,46.6,121.1,1,0.0,meters
2021-05-27,0.86,0.72,28.3,3.1,0,0.0,meters
2021-05-28,0.86,0.72,26.1,0.4,0,0.0,meters
2021-05-29,0.86,0.72,19.5,0.2,0,0.0,meters
2021-05-30,0.86,0.72,22.1,0.5,0,0.0,meters
2021-05-31,0.86,0.72,25.8,0.2,0,0.0,meters
2021-06-01,0.86,0.72,21.5,0.4,1,0.0,meters
2021-06-02,0.86,0.72,21.1,11.2,1,0.0,meters
2021-06-03,0.86,0.72,16.6,2.2,1,0.0,meters
2021-06-04,0.86,0.72,21.5,3.0,1,0.0,meters
2021-06-05,0.86,0.72,21.6,0.0,1,0.0,meters
2021-06-06,0.86,0.72,21.9,0.0,1,0.0,meters
2021-06-07,0.86,0.72,22.6,0.0,1,0.0,meters
2021-06-08,0.86,0.72,21.7,2.5,1,0.0,meters
2021-06-09,0.86,0.72,17.1,6.8,1,0.0,meters
2021-06-10,0.86,0.72,16.8,24.4,1,0.0,meters
2021-06-11,0.86,0.72,12.8,11.1,1,0.0,meters
2021-06-12,0.86,0.72,14.8,22.2,1,0.0,meters
2021-06-13,0.86,0.72,14.8,32.7,1,0.0,meters
2021-06-14,0.86,0.72,17.5,25.7,1,0.0,meters
2021-06-15,0.86,0.72,17.8,0.4,1,0.0,meters
2021-06-16,0.86,0.72,15.6,7.2,1,0.0,meters
2021-06-17,0.86,0.72,16.6,18.0,1,0.0,meters
2021-06-18,0.86,0.72,19.4,11.7,1,0.0,meters
2021-06-19,0.86,0.72,20.9,11.1,1,0.0,meters
2021-06-20,0.86,0.72,17.9,1.2,1,0.0,meters
2021-06-21,0.86,0.72,11.4,0.8,1,0.0,meters
2021-06-22,0.86,0.72,14.0,27.4,1,0.0,meters
2021-06-23,0.86,0.72,23.4,29.7,1,0.0,meters
2021-06-24,0.86,0.72,20.0,5.7,1,0.0,meters
2021-06-25,0.86,0.72,16.9,4.2,1,0.0,meters
2021-06-26,0.86,0.72,18.8,1.6,1,0.0,meters
2021-06-27,0.86,0.72,22.4,4.2,1,0.0,meters
2021-06-28,0.86,0.72,24.6,1.0,1,0.0,meters
2021-06-29,0.86,0.72,23.7,1.1,1,0.0,meters
2021-06-30,0.86,0.72,24.5,2.5,1,0.0,meters
2021-07-01,0.86,0.72,27.5,1.9,1,0.0,meters
2021-07-02,0.86,0.72,15.5,9.6,1,0.0,meters
2021-07-03,0.86,0.72,15.3,3.8,1,0.0,meters
2021-07-04,0.86,0.72,15.2,13.4,1,0.0,meters
2021-07-05,0.86,0.72,16.1,4.0,1,0.0,meters
2021-07-06,0.86,0.72,17.4,5.1,1,0.0,meters
2021-07-07,0.86,0.72,17.1,11.7,1,0.0,meters
2021-07-08,0.86,0.72,15.0,17.4,1,0.0,meters
2021-07-09,0.86,0.72,16.0,3.9,1,0.0,meters
2021-07-10,0.86,0.72,13.8,1.4,1,0.0,meters
2021-07-11,0.86,0.72,20.0,4.8,1,0.0,meters
2021-07-12,0.86,0.72,19.1,3.9,1,0.0,meters
2021-07-13,0.86,0.72,24.6,8.6,1,0.0,meters
2021-07-14,0.86,0.72,21.0,7.9,1,0.0,meters
2021-07-15,0.86,0.72,17.5,1.5,1,0.0,meters
2021-07-16,0.86,0.72,16.5,1.7,1,0.0,meters
2021-07-17,0.86,0.72,18.3,0.8,1,0.0,meters
2021-07-18,0.86,0.72,23.8,0.0,1,0.0,meters
2021-07-19,0.86,0.72,20.6,1.6,1,0.0,meters
2021-07-20,0.86,0.72,13.0,2.9,1,0.0,meters
2021-07-21,0.86,0.72,13.0,50.3,1,0.0,meters
2021-07-22,0.86,0.72,14.7,27.1,1,0.0,meters
2021-07-23,0.86,0.72,23.4,13.0,1,0.0,meters
2021-07-24,0.86,0.72,20.8,1.2,1,0.0,meters
2021-07-25,0.86,0.72,17.1,6.2,1,0.0,meters
2021-07-26,0.86,0.72,19.1,0.9,1,0.0,meters
2021-07-27,0.86,0.72,19.2,6.9,1,0.0,meters
2021-07-28,0.86,0.72,23.5,8.9,1,0.0,meters
2021-07-29,0.86,0.72,27.5,27.1,1,0.0,meters
2021-07-30,0.86,0.72,25.6,19.4,1,0.0,meters
2021-07-31,0.86,0.72,20.7,3.8,1,0.0,meters
2021-08-01,0.86,0.72,18.5,2.2,1,0.0,meters
2021-08-02,0.86,0.72,14.1,0.6,1,0.0,meters
2021-08-03,0.86,0.72,16.6,1.1,1,0.0,meters
2021-08-04,0.86,0.72,24.3,4.1,1,0.0,meters
2021-08-05,0.86,0.72,14.8,5.7,1,0.0,meters
2021-08-06,0.86,0.72,17.6,6.3,1,0.0,meters
2021-08-07,0.86,0.72,17.1,10.1,1,0.0,meters
2021-08-08,0.86,0.72,22.2,8.7,1,0.0,meters
2021-08-09,0.86,0.72,21.9,3.0,1,0.0,meters
2021-08-10,0.86,0.72,19.9,2.7,1,0.0,meters
2021-08-11,0.86,0.72,15.6,2.6,1,0.0,meters
2021-08-12,0.86,0.72,15.4,12.4,1,0.0,meters
2021-08-13,0.86,0.72,12.9,5.5,1,0.0,meters
2021-08-14,0.86,0.72,13.0,5.5,1,0.0,meters
2021-08-15,0.86,0.72,13.5,4.1,1,0.0,meters
2021-08-16,0.86,0.72,16.1,9.9,1,0.0,meters
2021-08-17,0.86,0.72,23.2,6.9,1,0.0,meters
2021-08-18,0.86,0.72,27.2,9.3,1,0.0,meters
2021-08-19,0.86,0.72,23.1,8.6,1,0.0,meters
2021-08-20,0.86,0.72,22.4,7.6,1,0.0,meters
2021-08-21,0.86,0.72,19.1,1.3,1,0.0,meters
2021-08-22,0.86,0.72,19.1,2.1,1,0.0,meters
2021-08-23,0.86,0.72,21.9,1.8,1,0.0,meters
2021-08-24,0.86,0.72,17.0,6.0,1,0.0,meters
2021-08-25,0.86,0.72,16.6,9.8,1,0.0,meters
2021-08-26,0.86,0.72,12.2,4.9,1,0.0,meters
2021-08-27,0.86,0.72,9.2,29.1,1,0.0,meters
2021-08-28,0.86,0.72,16.8,5.8,1,0.0,meters
2021-08-29,0.86,0.72,21.0,3.1,1,0.0,meters
2021-08-30,0.86,0.72,16.4,13.9,1,0.0,meters
2021-08-31,0.86,0.72,18.5,4.6,1,0.0,meters
2021-09-01,0.86,0.72,14.6,0.9,1,0.0,meters
2021-09-02,0.86,0.72,12.6,0.4,1,0.0,meters
2021-09-03,0.86,0.72,13.2,1.8,1,0.0,meters
2021-09-04,0.86,0.72,10.5,6.1,1,0.0,meters
2021-09-05,0.86,0.72,17.1,14.7,1,0.0,meters
2021-09-06,0.86,0.72,22.3,11.6,1,0.0,meters
2021-09-07,0.86,0.72,23.5,14.1,1,0.0,meters
2021-09-08,0.86,0.72,18.6,14.6,1,0.0,meters
2021-09-09,0.86,0.72,13.8,12.8,1,0.0,meters
2021-09-10,0.86,0.72,18.2,3.3,1,0.0,meters
2021-09-11,0.86,0.72,15.0,35.7,1,0.0,meters
2021-09-12,0.86,0.72,24.4,30.2,1,0.0,meters
2021-09-13,0.86,0.72,37.5,71.5,1,0.0,meters
2021-09-14,0.86,0.72,31.6,30.6,1,0.0,meters
2021-09-15,0.86,0.72,19.8,16.2,1,0.0,meters
2021-09-16,0.86,0.72,12.7,7.3,1,0.0,meters
2021-09-17,0.86,0.72,11.9,7.3,1,0.0,meters
2021-09-18,0.86,0.72,11.5,7.6,1,0.0,meters
2021-09-19,0.86,0.72,10.7,14.9,1,0.0,meters
2021-09-20,0.86,0.72,11.7,16.9,1,0.0,meters
2021-09-21,0.86,0.72,16.1,20.1,1,0.0,meters
2021-09-22,0.86,0.72,17.6,6.3,1,0.0,meters
2021-09-23,0.86,0.72,18.9,3.2,1,0.0,meters
2021-09-24,0.86,0.72,11.1,1.2,1,0.0,meters
2021-09-25,0.86,0.72,13.5,2.5,1,0.0,meters
2021-09-26,0.86,0.72,29.3,17.8,1,0.0,meters
2021-09-27,0.86,0.72,15.8,10.4,1,0.0,meters
2021-09-28,0.86,0.72,12.6,8.8,1,0.0,meters
2021-09-29,0.86,0.72,18.9,2.4,1,0.0,meters
2021-09-30,0.86,0.72,16.1,0.2,1,0.0,meters
2021-10-01,0.86,0.72,16.6,1.5,0,0.0,meters
2021-10-02,1.16,1.06,16.9,1.2,0,0.0,meters
2021-10-03,1.28,1.06,19.8,0.8,0,0.0,meters
2021-10-04,1.18,1.08,16.7,3.3,0,0.0,meters
2021-10-05,1.16,1.06,13.2,0.4,0,0.0,meters
2021-10-06,1.04,1.02,10.5,1.3,0,0.0,meters
2021-10-07,1.06,0.96,11.1,1.0,0,0.0,meters
2021-10-08,1.06,0.94,10.1,1.0,0,0.0,meters
2021-10-09,1.16,1.12,9.5,4.2,0,0.0,meters
2021-10-10,1.14,1.1,11.7,3.5,0,0.0,meters
2021-10-11,0.98,0.94,12.5,2.4,0,0.0,meters
2021-10-12,0.82,0.74,9.7,0.6,0,0.0,meters
2021-10-13,1.04,0.94,16.6,0.7,0,0.0,meters
2021-10-14,1.18,1.0,18.8,21.8,1,0.0,meters
2021-10-15,1.2,0.92,18.0,4.6,0,0.0,meters
2021-10-16,1.04,0.76,12.6,19.3,1,0.0,meters
2021-10-17,1.14,0.66,9.2,14.8,1,0.0,meters
2021-10-18,1.76,0.82,20.0,19.4,1,0.0,meters
2021-10-19,1.76,1.24,18.4,15.0,1,0.0,meters
2021-10-20,1.48,1.08,12.9,17.0,1,0.0,meters
2021-10-21,1.02,0.96,11.7,0.0,0,0.0,meters
2021-10-22,0.98,0.88,10.4,0.0,0,0.0,meters
2021-10-23,1.04,1.04,9.5,0.0,0,0.0,meters
2021-10-24,1.16,1.12,9.1,0.0,0,0.0,meters
2021-10-25,1.06,1.0,9.8,0.0,0,0.0,meters
2021-10-26,1.04,0.88,16.6,1.3,0,0.0,meters
2021-10-27,1.16,0.9,23.3,2.1,0,0.0,meters
2021-10-28,1.06,0.84,22.6,7.6,0,0.0,meters
2021-10-29,0.88,0.8,14.3,12.6,1,0.0,meters
2021-10-30,0.88,0.86,16.3,0.2,0,0.0,meters
2021-10-31,0.98,0.92,14.8,0.0,0,0.0,meters
2021-11-01,0.94,0.82,15.4,0.1,0,0.0,meters
2021-11-02,0.98,0.72,16.8,0.3,0,0.0,meters
2021-11-03,0.96,0.8,15.6,2.5,0,0.0,meters
2021-11-04,0.9,0.76,13.8,0.0,0,0.0,meters
2021-11-05,0.72,0.66,13.5,0.0,0,0.0,meters
2021-11-06,0.72,0.58,13.2,0.0,0,0.0,meters
2021-11-07,0.72,0.52,14.1,0.0,0,0.0,meters
2021-11-08,0.8,0.58,16.5,0.0,0,0.0,meters
2021-11-09,0.78,0.72,16.3,0.0,0,0.0,meters
2021-11-10,0.84,0.72,17.4,0.0,0,0.0,meters
2021-11-11,1.16,0.98,18.8,0.1,0,0.0,meters
2021-11-12,1.28,1.12,13.0,23.3,1,0.0,meters
2021-11-13,1.28,1.12,13.9,7.1,0,0.0,meters
2021-11-14,1.08,0.94,9.7,7.8,0,0.0,meters
2021-11-15,0.8,0.72,8.1,5.4,0,0.0,meters
2021-11-16,0.72,0.66,19.2,1.2,0,0.0,meters
2021-11-17,0.94,0.54,21.9,0.0,0,0.0,meters
2021-11-18,1.1,0.68,17.5,0.0,0,0.0,meters
2021-11-19,0.88,0.66,16.9,0.0,0,0.0,meters
2021-11-20,0.8,0.52,12.9,0.0,0,0.0,meters
2021-11-21,0.7,0.54,8.9,0.3,0,0.0,meters
2021-11-22,0.68,0.56,9.5,14.4,1,0.0,meters
2021-11-23,0.58,0.56,8.9,11.1,1,0.0,meters
2021-11-24,0.6,0.52,14.5,0.7,0,0.0,meters
2021-11-25,0.68,0.52,12.2,0.7,0,0.0,meters
2021-11-26,0.8,0.64,12.2,0.7,0,0.0,meters
2021-11-27,0.94,0.72,14.8,0.3,0,0.0,meters
2021-11-28,0.84,0.64,14.7,0.0,0,0.0,meters
2021-11-29,0.72,0.62,14.2,0.0,0,0.0,meters
2021-11-30,0.82,0.62,14.3,0.0,0,0.0,meters
2021-12-01,0.72,0.58,15.6,0.0,0,0.0,meters
2021-12-02,0.58,0.42,13.5,0.0,0,0.0,meters
2021-12-03,1.68,1.28,18.1,11.6,1,0.0,meters
2021-12-04,2.46,2.06,26.5,72.3,1,0.0,meters
2021-12-05,2.38,2.22,18.0,73.0,1,0.0,meters
2021-12-06,1.76,1.66,15.1,0.4,0,0.0,meters
2021-12-07,1.14,0.88,16.9,0.0,0,0.0,meters
2021-12-08,1.22,0.78,21.4,0.0,0,0.0,meters
2021-12-09,1.18,0.76,17.0,30.3,1,0.0,meters
2021-12-10,1.0,0.64,10.9,0.0,0,0.0,meters
2021-12-11,0.78,0.6,13.8,0.9,0,0.0,meters
2021-12-12,1.08,0.72,17.9,0.2,0,0.0,meters
2021-12-13,1.06,0.7,14.8,0.0,0,0.0,meters
2021-12-14,0.86,0.78,12.7,0.0,0,0.0,meters
2021-12-15,0.84,0.8,10.4,0.0,0,0.0,meters
2021-12-16,0.84,0.82,14.0,0.0,0,0.0,meters
2021-12-17,0.76,0.68,14.7,0.0,0,0.0,meters
2021-12-18,0.76,0.6,15.6,0.0,0,0.0,meters
2021-12-19,1.02,0.7,18.8,0.0,0,0.0,meters
2021-12-20,0.8,0.62,16.3,0.0,0,0.0,meters
2021-12-21,0.72,0.7,10.4,0.0,0,0.0,meters
2021-12-22,0.74,0.74,10.7,0.0,0,0.0,meters
2021-12-23,0.76,0.76,10.2,0.0,0,0.0,meters
2021-12-24,0.66,0.62,10.0,0.0,0,0.0,meters
2021-12-25,0.64,0.58,9.2,0.0,0,0.0,meters
2021-12-26,0.54,0.5,9.6,0.2,0,0.0,meters
2021-12-27,0.72,0.62,8.8,0.4,0,0.0,meters
2021-12-28,0.6,0.58,10.9,0.1,0,0.0,meters
2021-12-29,0.58,0.44,13.4,0.1,0,0.0,meters
2021-12-30,0.82,0.58,18.9,0.0,0,0.0,meters
2021-12-31,0.92,0.58,20.8,0.0,0,0.0,meters
2022-01-01,0.8,0.58,13.6,0.0,0,0.0,meters
2022-01-02,0.66,0.44,14.3,0.0,0,0.0,meters
2022-01-03,0.6,0.42,14.8,0.0,0,0.0,meters
2022-01-04,0.56,0.42,13.5,0.0,0,0.0,meters
2022-01-05,0.54,0.42,11.1,0.0,0,0.0,meters
2022-01-06,0.52,0.46,10.1,0.0,0,0.0,meters
2022-01-07,0.56,0.42,12.2,0.0,0,0.0,meters
2022-01-08,0.48,0.36,10.7,0.0,0,0.0,meters
2022-01-09,0.48,0.42,7.7,0.0,0,0.0,meters
2022-01-10,0.56,0.42,9.7,0.0,0,0.0,meters
2022-01-11,0.56,0.48,11.5,0.0,0,0.0,meters
2022-01-12,0.62,0.5,12.3,0.6,0,0.0,meters
2022-01-13,0.72,0.52,12.5,10.8,1,0.0,meters
2022-01-14,1.16,0.72,19.1,8.3,0,0.0,meters
2022-01-15,1.12,0.72,19.1,0.0,0,0.0,meters
2022-01-16,1.02,0.66,19.6,0.0,0,0.0,meters
2022-01-17,0.86,0.56,15.7,0.0,0,0.0,meters
2022-01-18,0.62,0.42,11.9,0.0,0,0.0,meters
2022-01-19,0.66,0.66,10.7,0.0,0,0.0,meters
2022-01-20,0.62,0.6,11.8,0.1,0,0.0,meters
2022-01-21,0.62,0.48,9.3,3.4,0,0.0,meters
2022-01-22,0.72,0.54,10.3,1.6,0,0.0,meters
2022-01-23,0.9,0.84,13.9,0.3,0,0.0,meters
2022-01-24,0.82,0.76,12.2,3.8,0,0.0,meters
2022-01-25,0.98,0.92,11.9,0.8,0,0.0,meters
2022-01-26,0.96,0.86,11.1,0.8,0,0.0,meters
2022-01-27,0.82,0.68,16.5,0.0,0,0.0,meters
2022-01-28,0.86,0.68,14.7,0.0,0,0.0,meters
2022-01-29,0.7,0.64,11.5,0.0,0,0.0,meters
2022-01-30,0.64,0.6,10.9,0.0,0,0.0,meters
2022-01-31,0.8,0.66,16.9,0.0,0,0.0,meters
2022-02-01,0.9,0.7,15.5,0.0,0,0.0,meters
2022-02-02,0.94,0.78,16.3,0.0,0,0.0,meters
2022-02-03,0.92,0.76,19.4,0.4,0,0.0,meters
2022-02-04,1.24,0.96,30.7,13.4,1,0.0,meters
2022-02-05,1.16,1.0,11.7,0.0,0,0.0,meters
2022-02-06,0.58,0.46,12.1,0.0,0,0.0,meters
2022-02-07,0.58,0.46,12.1,0.0,0,0.0,meters
2022-02-08,0.6,0.56,15.3,0.0,0,0.0,meters
2022-02-09,0.68,0.66,14.1,0.0,0,0.0,meters
2022-02-10,0.72,0.66,16.2,0.4,0,0.0,meters
2022-02-11,0.68,0.6,18.2,0.0,0,0.0,meters
2022-02-12,0.72,0.62,18.9,0.0,0,0.0,meters
2022-02-13,0.72,0.56,13.8,0.0,0,0.0,meters
2022-02-14,0.74,0.58,14.2,0.0,0,0.0,meters
2022-02-15,0.68,0.58,13.8,0.0,0,0.0,meters
2022-02-16,0.66,0.56,13.1,0.0,0,0.0,meters
2022-02-17,0.68,0.62,13.3,0.1,0,0.0,meters
2022-02-18,0.78,0.66,16.3,0.0,0,0.0,meters
2022-02-19,0.84,0.72,12.1,0.4,0,0.0,meters
2022-02-20,0.98,0.64,21.0,6.6,0,0.0,meters
2022-02-21,1.04,0.7,14.5,0.0,0,0.0,meters
2022-02-22,0.84,0.66,13.0,2.2,0,0.0,meters
2022-02-23,0.64,0.58,12.3,0.3,0,0.0,meters
2022-02-24,0.58,0.54,16.6,0.0,0,0.0,meters
2022-02-25,0.66,0.58,15.1,0.0,0,0.0,meters
2022-02-26,0.64,0.58,12.0,0.0,0,0.0,meters
2022-02-27,0.56,0.52,11.7,0.0,0,0.0,meters
2022-02-28,0.52,0.42,16.9,0.0,0,0.0,meters
2022-03-01,0.7,0.66,11.6,1.1,0,0.0,meters
2022-03-02,0.68,0.64,16.2,0.0,0,0.0,meters
2022-03-03,0.66,0.58,10.5,0.0,0,0.0,meters
2022-03-04,0.68,0.58,13.1,0.0,0,0.0,meters
2022-03-05,0.84,0.66,14.8,0.0,0,0.0,meters
2022-03-06,0.84,0.72,13.7,0.0,0,0.0,meters
2022-03-07,0.78,0.72,12.6,0.0,0,0.0,meters
2022-03-08,0.64,0.62,14.0,0.0,0,0.0,meters
2022-03-09,0.66,0.62,14.8,0.0,0,0.0,meters
2022-03-10,0.64,0.62,16.0,0.0,0,0.0,meters
2022-03-11,0.66,0.66,13.0,0.0,0,0.0,meters
2022-03-12,0.66,0.66,14.7,0.0,0,0.0,meters
2022-03-13,0.66,0.66,15.0,0.0,0,0.0,meters
2022-03-14,0.62,0.6,14.5,0.0,0,0.0,meters
2022-03-15,0.66,0.6,16.2,0.0,0,0.0,meters
2022-03-16,0.88,0.52,21.6,0.0,0,0.0,meters
2022-03-17,0.86,0.5,20.9,0.0,0,0.0,meters
2022-03-18,0.7,0.52,15.9,0.0,0,0.0,meters
2022-03-19,0.78,0.52,15.5,0.0,0,0.0,meters
2022-03-20,1.06,0.58,20.0,0.0,0,0.0,meters
2022-03-21,1.1,0.62,17.3,0.0,0,0.0,meters
2022-03-22,0.92,0.7,18.8,0.0,0,0.0,meters
2022-03-23,1.06,0.72,21.6,0.0,0,0.0,meters
2022-03-24,1.38,0.9,27.0,0.0,0,0.0,meters
2022-03-25,1.64,0.96,26.4,0.0,0,0.0,meters
2022-03-26,1.74,1.0,25.5,0.8,0,0.0,meters
2022-03-27,1.54,1.12,21.6,0.0,0,0.0,meters
2022-03-28,1.4,0.86,23.4,0.0,0,0.0,meters
2022-03-29,1.42,0.88,25.1,0.0,0,0.0,meters
2022-03-30,1.48,0.96,25.8,0.2,0,0.0,meters
2022-03-31,1.46,0.88,25.9,0.1,0,0.0,meters
2022-04-01,1.58,0.64,26.5,0.3,0,0.0,meters
2022-04-02,1.68,1.02,28.1,0.2,0,0.0,meters
2022-04-03,1.62,1.02,26.1,0.0,0,0.0,meters
2022-04-04,1.62,0.72,25.6,0.0,0,0.0,meters
2022-04-05,1.28,0.62,25.8,0.0,0,0.0,meters
2022-04-06,1.28,1.06,24.6,0.0,0,0.0,meters
2022-04-07,1.34,1.1,21.0,0.0,0,0.0,meters
2022-04-08,1.32,1.06,22.8,0.0,0,0.0,meters
2022-04-09,1.46,0.86,25.4,0.1,0,0.0,meters
2022-04-10,1.64,0.88,29.4,0.0,0,0.0,meters
2022-04-11,1.64,0.64,28.9,0.0,0,0.0,meters
2022-04-12,1.62,0.84,27.9,0.0,0,0.0,meters
2022-04-13,1.54,0.86,27.2,0.0,0,0.0,meters
2022-04-14,1.82,1.1,27.5,0.0,0,0.0,meters
2022-04-15,1.6,0.92,25.0,0.0,0,0.0,meters
2022-04-16,1.62,0.84,26.5,0.0,0,0.0,meters
2022-04-17,1.54,0.98,28.6,0.0,0,0.0,meters
2022-04-18,1.54,0.98,25.6,0.0,0,0.0,meters
2022-04-19,1.56,0.74,26.6,0.0,0,0.0,meters
2022-04-20,1.66,1.06,26.8,0.0,0,0.0,meters
2022-04-21,1.48,0.98,29.4,0.0,0,0.0,meters
2022-04-22,1.52,0.94,24.1,0.0,0,0.0,meters
2022-04-23,1.18,0.82,21.8,0.0,0,0.0,meters
2022-04-24,1.3,0.92,19.5,0.0,0,0.0,meters
2022-04-25,1.26,0.88,23.9,0.0,0,0.0,meters
2022-04-26,1.3,0.72,23.9,0.0,0,0.0,meters
2022-04-27,1.32,0.7,25.7,0.0,0,0.0,meters
2022-04-28,1.62,1.14,25.0,0.0,0,0.0,meters
2022-04-29,1.58,1.06,24.1,0.0,0,0.0,meters
2022-04-30,1.58,0.98,29.1,0.0,0,0.0,meters
2022-05-01,1.56,1.04,29.8,0.5,0,0.0,meters
2022-05-02,1.56,1.26,25.5,0.0,0,0.0,meters
2022-05-03,1.56,1.12,28.7,0.0,0,0.0,meters
2022-05-04,1.58,1.02,25.2,0.0,0,0.0,meters
2022-05-05,1.28,1.0,21.7,13.0,1,0.0,meters
2022-05-06,1.28,1.0,17.2,0.0,0,0.0,meters
2022-05-07,1.14,1.04,15.1,0.0,0,0.0,meters
2022-05-08,1.12,0.98,16.4,0.0,0,0.0,meters
2022-05-09,2.48,2.4,19.3,5.3,0,0.0,meters
2022-05-10,2.86,2.74,22.4,4.0,0,0.0,meters
2022-05-11,2.64,2.56,23.1,3.2,0,0.0,meters
2022-05-12,2.16,2.08,25.0,1.3,0,0.0,meters
2022-05-13,2.26,1.68,30.3,0.0,0,0.0,meters
2022-05-14,2.3,1.52,30.6,0.0,0,0.0,meters
2022-05-15,1.96,1.36,25.9,0.4,0,0.0,meters
2022-05-16,1.9,1.44,28.2,0.0,0,0.0,meters
2022-05-17,1.94,1.42,26.4,0.0,0,0.0,meters
2022-05-18,1.88,1.52,26.0,0.1,0,0.0,meters
2022-05-19,1.72,1.34,30.9,0.0,0,0.0,meters
2022-05-20,2.08,1.52,29.7,0.0,0,0.0,meters
2022-05-21,2.26,1.94,27.2,4.9,0,0.0,meters
2022-05-22,2.06,1.9,22.9,0.6,0,0.0,meters
2022-05-23,1.78,1.58,18.6,1.1,0,0.0,meters
2022-05-24,1.58,1.56,15.4,0.0,0,0.0,meters
2022-05-25,1.66,1.26,16.9,0.4,0,0.0,meters
2022-05-26,2.06,1.32,22.9,0.5,0,0.0,meters
2022-05-27,2.12,1.64,16.8,0.0,0,0.0,meters
2022-05-28,1.66,1.58,18.7,0.1,0,0.0,meters
2022-05-29,1.62,1.54,19.0,1.0,0,0.0,meters
2022-05-30,1.7,1.46,16.1,0.0,0,0.0,meters
2022-05-31,1.68,1.46,21.7,0.0,0,0.0,meters
2022-06-01,1.6,1.58,19.2,0.0,1,0.0,meters
2022-06-02,1.58,1.3,25.9,1.4,1,0.0,meters
2022-06-03,1.66,1.34,24.7,0.0,1,0.0,meters
2022-06-04,1.9,1.3,29.4,1.0,1,0.0,meters
2022-06-05,1.78,1.18,28.0,0.0,1,0.0,meters
2022-06-06,1.7,1.24,27.2,0.1,1,0.0,meters
2022-06-07,1.66,1.22,27.2,0.0,1,0.0,meters
2022-06-08,1.7,1.4,26.5,0.0,1,0.0,meters
2022-06-09,2.1,1.58,26.6,0.0,1,0.0,meters
2022-06-10,2.16,1.92,29.2,6.4,1,0.0,meters
2022-06-11,1.96,1.52,31.2,0.1,1,0.0,meters
2022-06-12,1.82,1.36,29.2,0.0,1,0.0,meters
2022-06-13,1.7,1.04,25.7,0.0,1,0.0,meters
2022-06-14,1.66,1.06,26.8,1.3,1,0.0,meters
2022-06-15,1.52,1.06,23.0,7.5,1,0.0,meters
2022-06-16,1.56,1.02,25.0,1.3,1,0.0,meters
2022-06-17,1.68,0.96,29.5,0.3,1,0.0,meters
2022-06-18,1.46,0.84,28.1,1.6,1,0.0,meters
2022-06-19,1.38,0.9,26.5,1.9,1,0.0,meters
2022-06-20,1.44,1.06,20.7,14.3,1,0.0,meters
2022-06-21,1.38,1.04,21.7,11.1,1,0.0,meters
2022-06-22,1.38,1.04,18.9,6.0,1,0.0,meters
2022-06-23,1.44,1.18,20.6,4.4,1,0.0,meters
2022-06-24,1.46,1.16,19.4,30.1,1,0.0,meters
2022-06-25,1.56,1.02,21.5,18.5,1,0.0,meters
2022-06-26,1.58,1.16,21.4,2.4,1,0.0,meters
2022-06-27,1.7,1.64,17.1,2.1,1,0.0,meters
2022-06-28,1.4,1.3,19.8,0.8,1,0.0,meters
2022-06-29,1.54,1.04,20.6,1.2,1,0.0,meters
2022-06-30,1.52,1.1,20.4,6.5,1,0.0,meters
2022-07-01,1.54,1.16,15.3,16.6,1,0.0,meters
2022-07-02,1.22,0.88,15.9,16.7,1,0.0,meters
2022-07-03,1.32,1.16,12.3,17.1,1,0.0,meters
2022-07-04,1.56,1.2,13.4,6.9,1,0.0,meters
2022-07-05,1.62,1.54,9.5,18.1,1,0.0,meters
2022-07-06,1.72,1.32,19.8,5.7,1,0.0,meters
2022-07-07,1.66,1.44,17.0,1.7,1,0.0,meters
2022-07-08,1.5,1.28,18.2,5.0,1,0.0,meters
2022-07-09,1.66,1.2,20.6,6.9,1,0.0,meters
2022-07-10,1.94,1.82,20.9,4.4,1,0.0,meters
2022-07-11,2.1,1.96,22.7,5.4,1,0.0,meters
2022-07-12,3.1,3.08,19.5,2.2,1,0.0,meters
2022-07-13,2.94,2.9,16.8,17.4,1,0.0,meters
2022-07-14,2.36,2.3,14.7,12.1,1,0.0,meters
2022-07-15,2.3,2.16,12.7,7.2,1,0.0,meters
2022-07-16,1.86,1.66,12.3,22.0,1,0.0,meters
2022-07-17,2.12,1.56,24.9,14.3,1,0.0,meters
2022-07-18,2.22,1.44,29.8,7.3,1,0.0,meters
2022-07-19,1.98,1.42,22.1,2.4,1,0.0,meters
2022-07-20,1.7,1.2,19.6,16.7,1,0.0,meters
2022-07-21,1.42,1.04,18.7,13.4,1,0.0,meters
2022-07-22,1.32,1.06,13.2,14.5,1,0.0,meters
2022-07-23,1.58,1.26,18.0,43.2,1,0.0,meters
2022-07-24,1.78,1.28,23.8,11.2,1,0.0,meters
2022-07-25,1.7,1.44,19.5,9.9,1,0.0,meters
2022-07-26,1.52,1.46,17.2,1.3,1,0.0,meters
2022-07-27,1.28,1.24,16.6,0.2,1,0.0,meters
2022-07-28,1.24,1.16,15.7,0.3,1,0.0,meters
2022-07-29,1.24,1.16,17.6,1.3,1,0.0,meters
2022-07-30,1.22,1.1,20.2,2.6,1,0.0,meters
2022-07-31,1.36,1.18,20.5,3.9,1,0.0,meters
2022-08-01,1.36,1.18,20.9,7.6,1,0.0,meters
2022-08-02,1.34,1.28,15.6,11.6,1,0.0,meters
2022-08-03,1.42,1.3,13.9,0.4,1,0.0,meters
2022-08-04,1.5,1.34,15.8,1.0,1,0.0,meters
2022-08-05,1.88,1.78,10.5,20.4,1,0.0,meters
2022-08-06,2.08,1.88,16.3,36.4,1,0.0,meters
2022-08-07,2.22,2.14,19.3,19.7,1,0.0,meters
2022-08-08,3.18,2.76,19.9,6.2,1,0.0,meters
2022-08-09,3.54,3.06,21.5,10.3,1,0.0,meters
2022-08-10,3.28,2.9,22.2,37.7,1,0.0,meters
2022-08-11,2.82,2.48,20.7,15.2,1,0.0,meters
2022-08-12,2.12,2.02,14.1,18.1,1,0.0,meters
2022-08-13,1.8,1.4,18.8,91.6,1,0.0,meters
2022-08-14,2.98,1.82,27.4,33.1,1,0.0,meters
2022-08-15,2.94,2.22,32.0,6.1,1,0.0,meters
2022-08-16,2.18,1.6,18.6,1.3,1,0.0,meters
2022-08-17,1.42,1.12,15.5,3.8,1,0.0,meters
2022-08-18,1.58,1.38,15.1,15.0,1,0.0,meters
2022-08-19,1.58,1.08,24.5,52.9,1,0.0,meters
2022-08-20,1.88,1.54,22.9,5.7,1,0.0,meters
2022-08-21,1.84,1.58,18.5,3.4,1,0.0,meters
2022-08-22,1.78,1.6,12.2,5.2,1,0.0,meters
2022-08-23,1.78,1.7,9.8,18.6,1,0.0,meters
2022-08-24,1.62,1.54,14.3,33.7,1,0.0,meters
2022-08-25,1.32,1.3,16.3,1.1,1,0.0,meters
2022-08-26,1.04,0.9,16.7,0.9,1,0.0,meters
2022-08-27,0.98,0.8,20.5,7.9,1,0.0,meters
2022-08-28,0.96,0.72,17.3,7.0,1,0.0,meters
2022-08-29,0.98,0.96,15.7,1.0,1,0.0,meters
2022-08-30,0.98,0.94,13.7,1.1,1,0.0,meters
2022-08-31,1.14,0.98,17.9,1.1,1,0.0,meters
2022-09-01,1.34,1.28,18.5,0.0,1,0.0,meters
2022-09-02,1.44,1.34,16.3,1.5,1,0.0,meters
2022-09-03,1.34,1.24,21.9,5.0,1,0.0,meters
2022-09-04,1.24,1.02,17.6,19.6,1,0.0,meters
2022-09-05,1.22,1.0,14.7,1.8,1,0.0,meters
2022-09-06,1.26,1.04,15.0,2.5,1,0.0,meters
2022-09-07,1.12,1.1,14.7,4.2,1,0.0,meters
2022-09-08,1.7,1.2,24.1,16.6,1,0.0,meters
2022-09-09,1.88,1.14,25.7,17.2,1,0.0,meters
2022-09-10,2.22,1.8,27.2,32.2,1,0.0,meters
2022-09-11,3.04,2.6,28.9,25.4,1,0.0,meters
2022-09-12,3.32,2.12,30.3,7.9,1,0.0,meters
2022-09-13,2.54,2.04,27.0,15.4,1,0.0,meters
2022-09-14,2.18,1.72,26.4,1.0,1,0.0,meters
2022-09-15,1.5,1.28,16.1,4.4,1,0.0,meters
2022-09-16,1.4,1.24,13.8,7.5,1,0.0,meters
2022-09-17,1.48,1.1,11.8,6.1,1,0.0,meters
2022-09-18,1.64,1.28,10.1,6.6,1,0.0,meters
2022-09-19,1.44,1.32,21.1,11.9,1,0.0,meters
2022-09-20,1.82,1.76,18.8,2.3,1,0.0,meters
2022-09-21,1.82,1.74,19.5,6.8,1,0.0,meters
2022-09-22,1.6,1.46,19.7,6.8,1,0.0,meters
2022-09-23,1.46,1.18,14.5,4.8,1,0.0,meters
2022-09-24,1.34,1.34,12.7,7.1,1,0.0,meters
2022-09-25,1.34,1.34,9.7,1.5,1,0.0,meters
2022-09-26,1.2,1.18,11.4,3.4,1,0.0,meters
2022-09-27,1.22,1.16,12.4,4.4,1,0.0,meters
2022-09-28,1.08,1.08,11.8,1.1,1,0.0,meters
2022-09-29,1.2,1.16,13.7,2.2,1,0.0,meters
2022-09-30,1.36,1.34,15.0,1.4,1,0.0,meters
2022-10-01,1.46,1.4,21.8,8.6,0,0.0,meters
2022-10-02,1.54,1.52,11.1,2.4,0,0.0,meters
2022-10-03,1.4,1.38,13.4,15.5,1,0.0,meters
2022-10-04,2.26,2.06,23.3,23.0,1,0.0,meters
2022-10-05,2.0,1.44,18.2,12.3,1,0.0,meters
2022-10-06,1.58,1.24,19.9,24.4,1,0.0,meters
2022-10-07,1.4,1.02,19.2,4.3,0,0.0,meters
2022-10-08,1.08,0.88,17.7,10.2,1,0.0,meters
2022-10-09,1.26,0.98,15.7,3.8,0,0.0,meters
2022-10-10,1.28,1.24,14.2,4.4,0,0.0,meters
2022-10-11,1.3,1.28,15.1,4.5,0,0.0,meters
2022-10-12,1.24,1.2,12.3,0.6,0,0.0,meters
2022-10-13,0.88,0.8,9.3,0.8,0,0.0,meters
2022-10-14,0.94,0.86,11.7,6.5,0,0.0,meters
2022-10-15,0.92,0.88,12.3,0.3,0,0.0,meters
2022-10-16,0.98,0.92,16.0,0.4,0,0.0,meters
2022-10-17,0.98,0.9,19.1,0.0,0,0.0,meters
2022-10-18,0.88,0.8,17.7,0.4,0,0.0,meters
2022-10-19,0.78,0.7,17.1,0.2,0,0.0,meters
2022-10-20,0.82,0.66,21.5,0.1,0,0.0,meters
2022-10-21,1.0,0.64,21.4,0.0,0,0.0,meters
2022-10-22,1.06,0.66,22.4,0.0,0,0.0,meters
2022-10-23,2.14,1.92,25.9,9.0,0,0.0,meters
2022-10-24,2.22,1.92,25.9,0.9,0,0.0,meters
2022-10-25,1.4,1.22,10.8,0.0,0,0.0,meters
2022-10-26,1.06,1.0,9.7,0.0,0,0.0,meters
2022-10-27,0.98,0.98,8.7,0.0,0,0.0,meters
2022-10-28,0.84,0.82,12.7,0.0,0,0.0,meters
2022-10-29,0.74,0.68,17.1,0.0,0,0.0,meters
2022-10-30,0.98,0.98,11.2,0.0,0,0.0,meters
2022-10-31,0.98,0.96,15.1,0.0,0,0.0,meters
2022-11-01,0.92,0.86,14.2,0.0,0,0.0,meters
2022-11-02,0.84,0.8,14.7,0.1,0,0.0,meters
2022-11-03,0.86,0.8,9.6,0.3,0,0.0,meters
2022-11-04,0.84,0.76,11.7,0.0,0,0.0,meters
2022-11-05,0.86,0.84,12.0,0.0,0,0.0,meters
2022-11-06,0.92,0.92,12.0,0.0,0,0.0,meters
2022-11-07,0.9,0.9,9.1,0.1,0,0.0,meters
2022-11-08,0.84,0.8,10.0,0.0,0,0.0,meters
2022-11-09,0.74,0.66,14.9,0.0,0,0.0,meters
2022-11-10,0.7,0.62,17.0,0.1,0,0.0,meters
2022-11-11,0.8,0.7,13.8,0.0,0,0.0,meters
2022-11-12,0.84,0.76,14.4,0.0,0,0.0,meters
2022-11-13,0.86,0.76,14.5,0.0,0,0.0,meters
2022-11-14,0.8,0.64,14.2,0.0,0,0.0,meters
2022-11-15,0.72,0.58,11.6,0.0,0,0.0,meters
2022-11-16,0.66,0.54,14.8,0.0,0,0.0,meters
2022-11-17,0.7,0.52,18.3,0.0,0,0.0,meters
2022-11-18,1.08,0.78,21.4,0.0,0,0.0,meters
2022-11-19,1.16,0.76,23.0,0.0,0,0.0,meters
2022-11-20,0.98,0.6,17.1,0.0,0,0.0,meters
2022-11-21,0.98,0.84,16.6,0.0,0,0.0,meters
2022-11-22,0.98,0.84,13.4,0.0,0,0.0,meters
2022-11-23,0.96,0.86,14.5,0.0,0,0.0,meters
2022-11-24,0.98,0.92,15.5,0.0,0,0.0,meters
2022-11-25,1.1,0.92,15.5,0.0,0,0.0,meters
2022-11-26,0.96,0.86,11.6,0.0,0,0.0,meters
2022-11-27,0.84,0.78,12.3,0.0,0,0.0,meters
2022-11-28,0.66,0.56,17.3,0.0,0,0.0,meters
2022-11-29,0.82,0.56,17.3,0.0,0,0.0,meters
2022-11-30,0.7,0.52,15.1,0.0,0,0.0,meters
2022-12-01,0.58,0.5,16.8,0.0,0,0.0,meters
2022-12-02,0.6,0.52,13.6,0.0,0,0.0,meters
2022-12-03,0.66,0.48,13.5,0.0,0,0.0,meters
2022-12-04,0.62,0.52,13.7,0.0,0,0.0,meters
2022-12-05,0.7,0.48,15.5,0.0,0,0.0,meters
2022-12-06,0.74,0.44,18.2,0.0,0,0.0,meters
2022-12-07,0.88,0.56,19.2,0.0,0,0.0,meters
2022-12-08,1.08,0.72,18.3,0.0,0,0.0,meters
2022-12-09,1.74,1.68,18.3,0.0,0,0.0,meters
2022-12-10,1.84,1.8,16.6,0.0,0,0.0,meters
2022-12-11,1.38,1.16,15.1,0.0,0,0.0,meters
2022-12-12,1.0,0.86,10.5,0.0,0,0.0,meters
2022-12-13,0.82,0.78,10.0,0.0,0,0.0,meters
2022-12-14,0.7,0.66,16.7,0.0,0,0.0,meters
2022-12-15,0.64,0.58,15.7,0.0,0,0.0,meters
2022-12-16,0.7,0.58,16.1,0.0,0,0.0,meters
2022-12-17,0.68,0.52,15.3,0.0,0,0.0,meters
2022-12-18,0.66,0.48,15.3,0.0,0,0.0,meters
2022-12-19,0.76,0.72,12.1,0.0,0,0.0,meters
2022-12-20,0.94,0.86,14.4,0.0,0,0.0,meters
2022-12-21,0.94,0.84,15.0,0.0,0,0.0,meters
2022-12-22,0.82,0.76,12.4,0.0,0,0.0,meters
2022-12-23,1.16,1.12,15.1,0.0,0,0.0,meters
2022-12-24,1.18,1.16,10.6,0.0,0,0.0,meters
2022-12-25,1.16,1.14,12.1,0.0,0,0.0,meters
2022-12-26,0.98,0.98,11.0,0.0,0,0.0,meters
2022-12-27,0.96,0.88,15.5,0.6,0,0.0,meters
2022-12-28,0.88,0.8,15.7,0.1,0,0.0,meters
2022-12-29,0.84,0.72,15.2,0.5,0,0.0,meters
2022-12-30,0.78,0.72,9.4,0.0,0,0.0,meters
2022-12-31,0.72,0.72,13.3,0.0,0,0.0,meters
2023-01-01,0.72,0.64,11.2,0.5,0,0.0,meters
2023-01-02,0.66,0.58,9.9,1.9,0,0.0,meters
2023-01-03,0.72,0.56,16.2,0.4,0,0.0,meters
2023-01-04,0.94,0.58,18.1,0.0,0,0.0,meters
2023-01-05,1.08,0.68,19.9,0.0,0,0.0,meters
2023-01-06,1.02,0.68,16.4,0.0,0,0.0,meters
2023-01-07,0.84,0.58,13.4,0.0,0,0.0,meters
2023-01-08,0.7,0.52,15.4,0.0,0,0.0,meters
2023-01-09,0.84,0.7,13.7,0.0,0,0.0,meters
2023-01-10,0.7,0.62,12.4,0.0,0,0.0,meters
2023-01-11,0.62,0.6,11.3,0.0,0,0.0,meters
2023-01-12,0.76,0.72,12.6,0.0,0,0.0,meters
2023-01-13,0.84,0.76,17.7,0.0,0,0.0,meters
2023-01-14,0.82,0.68,15.5,0.0,0,0.0,meters
2023-01-15,0.68,0.62,11.3,0.0,0,0.0,meters
2023-01-16,0.66,0.62,16.6,0.0,0,0.0,meters
2023-01-17,0.58,0.54,12.3,0.6,0,0.0,meters
2023-01-18,0.56,0.52,13.4,2.4,0,0.0,meters
2023-01-19,0.72,0.62,17.4,2.0,0,0.0,meters
2023-01-20,0.7,0.6,13.7,0.0,0,0.0,meters
2023-01-21,0.64,0.6,11.5,0.0,0,0.0,meters
2023-01-22,0.64,0.58,11.6,0.0,0,0.0,meters
2023-01-23,0.74,0.72,10.0,0.0,0,0.0,meters
2023-01-24,0.7,0.68,11.5,0.0,0,0.0,meters
2023-01-25,0.58,0.56,10.2,0.0,0,0.0,meters
2023-01-26,0.58,0.48,12.3,0.0,0,0.0,meters
2023-01-27,0.64,0.58,16.3,0.0,0,0.0,meters
2023-01-28,0.64,0.56,18.2,0.0,0,0.0,meters
2023-01-29,0.84,0.62,15.8,0.0,0,0.0,meters
2023-01-30,0.76,0.54,15.4,0.0,0,0.0,meters
2023-01-31,0.78,0.78,12.5,0.0,0,0.0,meters
2023-02-01,0.88,0.78,18.3,0.0,0,0.0,meters
2023-02-02,0.84,0.7,20.0,0.0,0,0.0,meters
2023-02-03,0.88,0.66,12.6,0.0,0,0.0,meters
2023-02-04,0.72,0.64,13.3,0.0,0,0.0,meters
2023-02-05,0.82,0.78,14.7,0.0,0,0.0,meters
2023-02-06,0.7,0.7,15.1,0.0,0,0.0,meters
2023-02-07,0.76,0.62,18.5,0.0,0,0.0,meters
2023-02-08,0.8,0.62,18.4,0.0,0,0.0,meters
2023-02-09,0.78,0.64,14.8,0.0,0,0.0,meters
2023-02-10,0.64,0.6,13.8,0.0,0,0.0,meters
2023-02-11,0.7,0.52,17.5,0.0,0,0.0,meters
2023-02-12,0.7,0.52,13.7,0.0,0,0.0,meters
2023-02-13,0.62,0.52,14.8,0.0,0,0.0,meters
2023-02-14,0.56,0.42,11.9,0.0,0,0.0,meters
2023-02-15,0.78,0.68,14.3,0.0,0,0.0,meters
2023-02-16,0.94,0.8,18.2,1.8,0,0.0,meters
2023-02-17,0.96,0.84,12.4,1.3,0,0.0,meters
2023-02-18,0.9,0.84,12.6,0.0,0,0.0,meters
2023-02-19,0.88,0.82,14.4,0.0,0,0.0,meters
2023-02-20,0.82,0.74,20.7,0.4,0,0.0,meters
2023-02-21,0.86,0.66,18.7,0.0,0,0.0,meters
2023-02-22,0.92,0.56,20.6,0.0,0,0.0,meters
2023-02-23,1.02,0.6,23.8,0.0,0,0.0,meters
2023-02-24,0.96,0.6,20.9,0.0,0,0.0,meters
2023-02-25,0.74,0.48,12.3,0.0,0,0.0,meters
2023-02-26,0.5,0.48,12.2,0.0,0,0.0,meters
2023-02-27,0.62,0.52,16.9,0.0,0,0.0,meters
2023-02-28,0.64,0.58,15.9,0.0,0,0.0,meters
2023-03-01,0.62,0.56,14.8,0.0,0,0.0,meters
2023-03-02,0.6,0.54,14.3,0.0,0,0.0,meters
2023-03-03,0.62,0.62,15.0,0.0,0,0.0,meters
2023-03-04,0.78,0.74,13.5,0.0,0,0.0,meters
2023-03-05,0.68,0.64,11.9,0.0,0,0.0,meters
2023-03-06,0.5,0.48,12.3,0.0,0,0.0,meters
2023-03-07,0.48,0.44,12.2,0.0,0,0.0,meters
2023-03-08,0.5,0.42,12.7,0.0,0,0.0,meters
2023-03-09,0.58,0.56,14.9,0.0,0,0.0,meters
2023-03-10,0.62,0.58,13.4,0.0,0,0.0,meters
2023-03-11,0.6,0.58,11.8,0.0,0,0.0,meters
2023-03-12,0.56,0.52,12.5,0.0,0,0.0,meters
2023-03-13,0.54,0.48,14.8,0.0,0,0.0,meters
2023-03-14,0.66,0.56,15.5,0.0,0,0.0,meters
2023-03-15,0.72,0.58,13.8,0.0,0,0.0,meters
2023-03-16,0.72,0.48,16.4,0.0,0,0.0,meters
2023-03-17,0.66,0.62,14.4,3.0,0,0.0,meters
2023-03-18,0.8,0.8,13.4,0.8,0,0.0,meters
2023-03-19,1.1,0.8,17.5,8.6,0,0.0,meters
2023-03-20,1.42,0.9,26.1,5.1,0,0.0,meters
2023-03-21,1.1,0.74,20.9,0.2,0,0.0,meters
2023-03-22,0.72,0.56,13.8,0.0,0,0.0,meters
2023-03-23,0.78,0.58,14.1,0.8,0,0.0,meters
2023-03-24,0.78,0.66,10.6,1.0,0,0.0,meters
2023-03-25,0.84,0.68,17.2,0.4,0,0.0,meters
2023-03-26,0.92,0.64,20.6,0.1,0,0.0,meters
2023-03-27,0.88,0.66,17.6,0.9,0,0.0,meters
2023-03-28,0.86,0.6,14.6,0.5,0,0.0,meters
2023-03-29,0.86,0.54,21.3,2.6,0,0.0,meters
2023-03-30,0.98,0.64,20.4,0.6,0,0.0,meters
2023-03-31,1.14,0.82,16.9,2.8,0,0.0,meters
2023-04-01,0.98,0.72,16.6,12.8,1,0.0,meters
2023-04-02,1.12,0.8,16.7,0.1,0,0.0,meters
2023-04-03,1.2,0.78,15.5,1.5,0,0.0,meters
2023-04-04,1.3,0.74,22.5,0.0,0,0.0,meters
2023-04-05,1.28,0.76,19.4,0.0,0,0.0,meters
2023-04-06,0.92,0.82,11.5,7.3,0,0.0,meters
2023-04-07,0.8,0.74,11.8,0.0,0,0.0,meters
2023-04-08,0.66,0.64,14.3,0.0,0,0.0,meters
2023-04-09,0.58,0.54,12.8,0.0,0,0.0,meters
2023-04-10,0.86,0.74,14.9,0.0,0,0.0,meters
2023-04-11,0.76,0.68,11.7,0.0,0,0.0,meters
2023-04-12,0.72,0.58,12.7,0.0,0,0.0,meters
2023-04-13,0.74,0.54,15.2,0.0,0,0.0,meters
2023-04-14,0.88,0.58,16.8,0.0,0,0.0,meters
2023-04-15,0.94,0.76,14.4,0.0,0,0.0,meters
2023-04-16,1.04,0.98,10.8,0.0,0,0.0,meters
2023-04-17,1.16,1.04,16.2,0.0,0,0.0,meters
2023-04-18,1.42,1.3,16.2,0.0,0,0.0,meters
2023-04-19,1.4,1.28,14.5,0.0,0,0.0,meters
2023-04-20,1.52,1.22,17.9,0.3,0,0.0,meters
2023-04-21,1.38,1.08,26.7,0.0,0,0.0,meters
2023-04-22,1.24,0.94,16.0,0.1,0,0.0,meters
2023-04-23,1.16,1.1,13.5,6.7,0,0.0,meters
2023-04-24,0.96,0.86,19.3,30.7,1,0.0,meters
2023-04-25,0.92,0.9,7.6,1.3,0,0.0,meters
2023-04-26,0.94,0.9,16.5,0.0,0,0.0,meters
2023-04-27,0.9,0.76,16.8,0.1,0,0.0,meters
2023-04-28,0.76,0.62,15.6,4.1,0,0.0,meters
2023-04-29,0.74,0.64,13.8,0.0,0,0.0,meters
2023-04-30,0.9,0.84,17.6,0.4,0,0.0,meters
2023-05-01,1.16,1.14,16.3,0.9,0,0.0,meters
2023-05-02,1.24,1.24,15.1,0.0,0,0.0,meters
2023-05-03,0.98,0.92,19.0,6.5,0,0.0,meters
2023-05-04,0.88,0.86,13.3,3.8,0,0.0,meters
2023-05-05,0.9,0.84,19.5,2.5,0,0.0,meters
2023-05-06,0.88,0.76,13.7,0.2,0,0.0,meters
2023-05-07,0.94,0.78,16.0,0.0,0,0.0,meters
2023-05-08,0.94,0.72,12.6,0.0,0,0.0,meters
2023-05-09,0.84,0.76,16.0,0.0,0,0.0,meters
2023-05-10,0.86,0.72,16.0,0.0,0,0.0,meters
2023-05-11,0.92,0.72,15.2,0.0,0,0.0,meters
2023-05-12,2.16,2.08,18.4,0.2,0,0.0,meters
2023-05-13,2.56,2.52,27.2,0.2,0,0.0,meters
2023-05-14,2.76,2.48,19.8,0.0,0,0.0,meters
2023-05-15,1.96,1.48,27.1,0.0,0,0.0,meters
2023-05-16,1.88,1.58,31.6,6.4,0,0.0,meters
2023-05-17,2.0,1.7,26.8,0.4,0,0.0,meters
2023-05-18,1.92,1.36,29.5,0.0,0,0.0,meters
2023-05-19,1.6,1.22,26.1,18.1,1,0.0,meters
2023-05-20,1.58,1.12,21.7,0.0,0,0.0,meters
2023-05-21,1.36,0.9,24.6,1.4,0,0.0,meters
2023-05-22,1.44,0.98,25.5,0.0,0,0.0,meters
2023-05-23,1.52,1.0,22.7,0.0,0,0.0,meters
2023-05-24,1.84,1.6,24.8,0.0,0,0.0,meters
2023-05-25,1.84,1.38,25.3,0.1,0,0.0,meters
2023-05-26,1.82,1.38,25.6,0.0,0,0.0,meters
2023-05-27,1.26,1.06,20.4,0.7,0,0.0,meters
2023-05-28,0.98,0.76,13.4,0.4,0,0.0,meters
2023-05-29,0.7,0.6,14.3,0.0,0,0.0,meters
2023-05-30,0.86,0.48,21.2,0.0,0,0.0,meters
2023-05-31,0.92,0.74,21.2,0.7,0,0.0,meters
2023-06-01,0.94,0.82,12.4,0.0,1,0.0,meters
2023-06-02,1.06,0.88,17.5,0.0,1,0.0,meters
2023-06-03,1.06,0.96,23.5,0.3,1,0.0,meters
2023-06-04,1.04,0.92,22.6,0.0,1,0.0,meters
2023-06-05,1.02,0.92,15.7,0.0,1,0.0,meters
2023-06-06,0.96,0.84,17.9,0.0,1,0.0,meters
2023-06-07,1.12,1.08,31.6,1.9,1,0.0,meters
2023-06-08,1.56,1.16,18.6,0.0,1,0.0,meters
2023-06-09,1.64,1.44,19.1,0.0,1,0.0,meters
2023-06-10,1.84,1.74,18.4,0.0,1,0.0,meters
2023-06-11,1.88,1.76,17.3,0.0,1,0.0,meters
2023-06-12,2.0,1.8,19.5,0.0,1,0.0,meters
2023-06-13,2.04,1.5,23.5,0.3,1,0.0,meters
2023-06-14,1.96,1.46,25.6,0.3,1,0.0,meters
2023-06-15,1.94,1.42,20.6,0.0,1,0.0,meters
2023-06-16,1.56,1.24,21.1,0.0,1,0.0,meters
2023-06-17,1.52,1.36,18.4,0.0,1,0.0,meters
2023-06-18,1.7,1.24,24.0,0.0,1,0.0,meters
2023-06-19,1.7,1.38,23.0,0.0,1,0.0,meters
2023-06-20,1.76,1.16,25.0,7.3,1,0.0,meters
2023-06-21,1.64,1.4,24.4,0.9,1,0.0,meters
2023-06-22,1.7,1.64,23.4,6.7,1,0.0,meters
2023-06-23,1.7,1.66,18.6,9.6,1,0.0,meters
2023-06-24,1.58,1.52,15.8,31.1,1,0.0,meters
2023-06-25,1.9,1.74,18.9,23.6,1,0.0,meters
2023-06-26,2.2,1.92,23.0,15.2,1,0.0,meters
2023-06-27,2.28,1.8,29.2,7.0,1,0.0,meters
2023-06-28,2.22,1.64,31.6,14.5,1,0.0,meters
2023-06-29,1.82,1.36,22.5,7.2,1,0.0,meters
2023-06-30,1.58,1.0,19.7,8.1,1,0.0,meters
2023-07-01,1.26,0.96,21.6,21.0,1,0.0,meters
2023-07-02,1.32,1.04,14.1,7.0,1,0.0,meters
2023-07-03,1.42,1.32,17.7,13.1,1,0.0,meters
2023-07-04,1.44,1.34,14.7,0.3,1,0.0,meters
2023-07-05,1.48,1.42,11.4,19.3,1,0.0,meters
2023-07-06,2.16,1.62,21.8,5.7,1,0.0,meters
2023-07-07,2.14,1.66,21.0,1.7,1,0.0,meters
2023-07-08,2.24,1.84,18.3,4.4,1,0.0,meters
2023-07-09,2.06,1.8,15.2,4.7,1,0.0,meters
2023-07-10,1.74,1.7,17.1,5.0,1,0.0,meters
2023-07-11,1.64,1.44,20.5,10.6,1,0.0,meters
2023-07-12,1.6,1.38,19.0,0.8,1,0.0,meters
2023-07-13,1.84,1.46,17.3,13.4,1,0.0,meters
2023-07-14,2.04,1.58,19.6,5.6,1,0.0,meters
2023-07-15,1.88,1.58,21.9,37.3,1,0.0,meters
2023-07-16,1.84,1.62,16.4,12.3,1,0.0,meters
2023-07-17,2.08,2.04,15.6,8.3,1,0.0,meters
2023-07-18,2.1,2.1,14.4,13.9,1,0.0,meters
2023-07-19,2.12,2.06,16.7,5.9,1,0.0,meters
2023-07-20,2.24,2.1,18.2,3.0,1,0.0,meters
2023-07-21,2.04,1.9,19.1,6.3,1,0.0,meters
2023-07-22,2.14,1.86,24.9,7.0,1,0.0,meters
2023-07-23,2.06,1.34,19.5,9.5,1,0.0,meters
2023-07-24,1.94,1.72,20.8,3.4,1,0.0,meters
2023-07-25,2.56,2.1,24.9,4.6,1,0.0,meters
2023-07-26,2.66,2.54,25.5,6.4,1,0.0,meters
2023-07-27,3.04,2.42,27.5,8.1,1,0.0,meters
2023-07-28,3.12,2.64,21.0,6.0,1,0.0,meters
2023-07-29,2.26,1.9,13.4,20.4,1,0.0,meters
2023-07-30,1.8,1.7,15.1,42.2,1,0.0,meters
2023-07-31,1.92,1.8,15.8,34.4,1,0.0,meters
2023-08-01,2.02,1.76,20.9,29.9,1,0.0,meters
2023-08-02,2.88,2.08,26.0,40.8,1,0.0,meters
2023-08-03,2.82,2.06,26.7,3.1,1,0.0,meters
2023-08-04,2.42,2.1,24.0,4.7,1,0.0,meters
2023-08-05,2.34,1.88,20.2,9.1,1,0.0,meters
2023-08-06,2.26,1.6,22.4,12.7,1,0.0,meters
2023-08-07,2.5,1.8,19.6,5.6,1,0.0,meters
2023-08-08,2.24,2.04,15.8,0.0,1,0.0,meters
2023-08-09,1.88,1.52,18.6,1.0,1,0.0,meters
2023-08-10,1.58,1.4,14.3,2.3,1,0.0,meters
2023-08-11,1.38,1.16,15.4,0.9,1,0.0,meters
2023-08-12,1.46,1.08,15.2,11.1,1,0.0,meters
2023-08-13,1.3,0.96,12.6,14.5,1,0.0,meters
2023-08-14,1.24,0.96,12.8,7.1,1,0.0,meters
2023-08-15,1.16,1.06,14.2,4.9,1,0.0,meters
2023-08-16,1.28,1.14,14.2,17.4,1,0.0,meters
2023-08-17,1.42,1.26,8.7,17.2,1,0.0,meters
2023-08-18,1.56,1.32,12.3,29.9,1,0.0,meters
2023-08-19,2.16,1.66,21.3,6.0,1,0.0,meters
2023-08-20,2.14,1.58,23.0,1.6,1,0.0,meters
2023-08-21,1.8,1.56,17.0,7.5,1,0.0,meters
2023-08-22,1.5,1.4,17.1,8.1,1,0.0,meters
2023-08-23,1.78,1.2,19.6,28.2,1,0.0,meters
2023-08-24,1.74,1.36,18.0,9.1,1,0.0,meters
2023-08-25,1.78,1.46,17.7,17.6,1,0.0,meters
2023-08-26,1.72,1.02,22.1,19.5,1,0.0,meters
2023-08-27,1.62,1.24,16.6,1.3,1,0.0,meters
2023-08-28,1.42,1.36,16.0,0.1,1,0.0,meters
2023-08-29,1.16,0.96,12.2,2.4,1,0.0,meters
2023-08-30,1.02,0.9,13.5,1.2,1,0.0,meters
2023-08-31,1.06,1.04,7.6,4.1,1,0.0,meters
2023-09-01,1.1,1.06,9.7,3.7,1,0.0,meters
2023-09-02,1.22,1.1,17.4,17.8,1,0.0,meters
2023-09-03,1.38,1.32,12.7,10.6,1,0.0,meters
2023-09-04,1.52,1.48,11.0,8.2,1,0.0,meters
2023-09-05,1.58,1.54,18.3,16.8,1,0.0,meters
2023-09-06,2.06,1.92,15.9,5.6,1,0.0,meters
2023-09-07,2.24,1.94,13.6,4.2,1,0.0,meters
2023-09-08,2.38,1.9,23.7,10.7,1,0.0,meters
2023-09-09,2.08,1.78,20.2,7.6,1,0.0,meters
2023-09-10,1.56,1.26,19.5,1.3,1,0.0,meters
2023-09-11,1.42,1.18,19.2,2.5,1,0.0,meters
2023-09-12,1.38,1.28,13.4,13.7,1,0.0,meters
2023-09-13,1.52,1.42,15.3,75.8,1,0.0,meters
2023-09-14,2.22,1.92,23.5,19.2,1,0.0,meters
2023-09-15,2.26,2.12,21.8,8.3,1,0.0,meters
2023-09-16,1.86,1.62,13.2,15.9,1,0.0,meters
2023-09-17,1.46,1.16,5.8,3.5,1,0.0,meters
2023-09-18,1.36,1.3,10.2,2.9,1,0.0,meters
2023-09-19,1.34,1.26,10.2,39.7,1,0.0,meters
2023-09-20,1.64,1.3,14.2,8.9,1,0.0,meters
2023-09-21,1.94,1.42,24.5,3.8,1,0.0,meters
2023-09-22,1.84,1.34,22.4,9.4,1,0.0,meters
2023-09-23,1.84,1.16,21.4,2.8,1,0.0,meters
2023-09-24,1.54,0.94,17.1,14.7,1,0.0,meters
2023-09-25,1.26,1.02,15.8,20.0,1,0.0,meters
2023-09-26,1.06,1.0,12.0,4.0,1,0.0,meters
2023-09-27,0.86,0.78,9.2,0.8,1,0.0,meters
2023-09-28,0.86,0.72,9.0,0.5,1,0.0,meters
2023-09-29,1.1,1.02,9.9,0.7,1,0.0,meters
2023-09-30,1.46,1.12,15.1,12.5,1,0.0,meters
2023-10-01,1.88,1.78,19.1,6.9,0,0.0,meters
2023-10-02,2.02,1.78,14.9,70.2,1,0.0,meters
2023-10-03,2.02,1.76,23.9,41.4,1,0.0,meters
2023-10-04,2.02,1.92,12.9,35.9,1,0.0,meters
2023-10-05,1.68,1.5,17.7,0.2,0,0.0,meters
2023-10-06,1.32,1.12,13.3,0.9,0,0.0,meters
2023-10-07,1.36,1.26,11.9,0.0,0,0.0,meters
2023-10-08,1.36,1.3,11.7,2.1,0,0.0,meters
2023-10-09,1.18,1.0,10.9,0.0,0,0.0,meters
2023-10-10,0.88,0.78,9.5,0.0,0,0.0,meters
2023-10-11,0.78,0.68,8.8,0.0,0,0.0,meters
2023-10-12,0.9,0.86,8.6,0.0,0,0.0,meters
2023-10-13,0.88,0.84,7.2,0.1,0,0.0,meters
2023-10-14,0.78,0.74,8.7,0.3,0,0.0,meters
2023-10-15,0.72,0.7,11.0,0.0,0,0.0,meters
2023-10-16,0.82,0.78,10.8,0.0,0,0.0,meters
2023-10-17,0.98,0.98,14.2,0.5,0,0.0,meters
2023-10-18,0.98,0.98,9.1,1.1,0,0.0,meters
2023-10-19,0.9,0.86,14.9,0.1,0,0.0,meters
2023-10-20,0.92,0.78,16.8,0.0,0,0.0,meters
2023-10-21,0.9,0.68,16.6,0.0,0,0.0,meters
2023-10-22,1.12,0.7,19.9,0.8,0,0.0,meters
2023-10-23,2.52,2.3,21.6,35.4,1,0.0,meters
2023-10-24,2.48,2.18,24.4,15.4,1,0.0,meters
2023-10-25,1.18,0.94,9.3,1.0,0,0.0,meters
2023-10-26,0.66,0.56,11.5,1.3,0,0.0,meters
2023-10-27,0.56,0.52,12.0,0.0,0,0.0,meters
2023-10-28,0.54,0.52,9.4,0.0,0,0.0,meters
2023-10-29,0.72,0.6,12.1,0.0,0,0.0,meters
2023-10-30,0.64,0.48,13.5,0.0,0,0.0,meters
2023-10-31,0.72,0.64,13.2,0.0,0,0.0,meters
2023-11-01,0.94,0.88,12.3,0.0,0,0.0,meters
2023-11-02,1.08,1.08,11.0,0.3,0,0.0,meters
2023-11-03,1.12,1.12,10.9,3.0,0,0.0,meters
2023-11-04,0.84,0.82,12.1,17.5,1,0.0,meters
2023-11-05,0.8,0.78,7.6,1.2,0,0.0,meters
2023-11-06,0.7,0.64,13.0,0.2,0,0.0,meters
2023-11-07,0.68,0.54,12.8,0.0,0,0.0,meters
2023-11-08,0.74,0.7,11.2,0.0,0,0.0,meters
2023-11-09,0.74,0.68,11.9,0.0,0,0.0,meters
2023-11-10,0.76,0.76,11.2,0.0,0,0.0,meters
2023-11-11,0.76,0.72,10.1,0.0,0,0.0,meters
2023-11-12,0.82,0.74,13.8,0.0,0,0.0,meters
2023-11-13,0.78,0.7,14.5,0.0,0,0.0,meters
2023-11-14,0.84,0.56,17.3,0.0,0,0.0,meters
2023-11-15,1.2,0.84,20.6,0.0,0,0.0,meters
2023-11-16,2.76,1.88,24.8,32.1,1,0.0,meters
2023-11-17,2.68,1.84,25.8,0.0,0,0.0,meters
2023-11-18,1.22,1.02,14.3,0.6,0,0.0,meters
2023-11-19,0.82,0.7,16.8,0.0,0,0.0,meters
2023-11-20,0.86,0.52,16.3,0.0,0,0.0,meters
2023-11-21,0.68,0.52,9.6,3.0,0,0.0,meters
2023-11-22,0.62,0.46,12.2,0.0,0,0.0,meters
2023-11-23,0.62,0.46,11.2,0.0,0,0.0,meters
2023-11-24,0.6,0.44,13.2,0.0,0,0.0,meters
2023-11-25,0.66,0.52,15.3,0.0,0,0.0,meters
2023-11-26,0.72,0.56,14.0,0.0,0,0.0,meters
2023-11-27,0.64,0.52,10.4,0.0,0,0.0,meters
2023-11-28,0.58,0.52,11.2,0.0,0,0.0,meters
2023-11-29,0.8,0.76,10.2,0.0,0,0.0,meters
2023-11-30,0.68,0.62,12.3,0.0,0,0.0,meters
2023-12-01,0.9,0.62,18.6,0.0,0,0.0,meters
2023-12-02,1.0,0.58,20.4,0.0,0,0.0,meters
2023-12-03,1.12,0.78,18.6,0.0,0,0.0,meters
2023-12-04,1.32,1.16,15.8,0.1,0,0.0,meters
2023-12-05,1.44,1.26,16.5,1.2,0,0.0,meters
2023-12-06,1.52,0.98,22.4,8.6,0,0.0,meters
2023-12-07,1.44,0.9,19.8,0.7,0,0.0,meters
2023-12-08,1.1,0.84,14.8,0.0,0,0.0,meters
2023-12-09,0.98,0.94,11.8,0.0,0,0.0,meters
2023-12-10,0.94,0.88,11.3,0.0,0,0.0,meters
2023-12-11,0.84,0.72,11.5,0.0,0,0.0,meters
2023-12-12,0.8,0.72,10.9,0.0,0,0.0,meters
2023-12-13,0.7,0.7,8.4,0.0,0,0.0,meters
2023-12-14,0.7,0.66,11.4,0.0,0,0.0,meters
2023-12-15,0.9,0.76,12.6,0.0,0,0.0,meters
2023-12-16,0.86,0.76,12.0,0.0,0,0.0,meters
2023-12-17,0.82,0.66,14.6,0.0,0,0.0,meters
2023-12-18,0.72,0.56,12.6,0.0,0,0.0,meters
2023-12-19,0.76,0.46,15.1,0.0,0,0.0,meters
2023-12-20,0.72,0.44,14.3,0.0,0,0.0,meters
2023-12-21,0.52,0.46,10.0,0.0,0,0.0,meters
2023-12-22,0.56,0.56,9.8,0.0,0,0.0,meters
2023-12-23,0.58,0.56,11.3,0.0,0,0.0,meters
2023-12-24,0.6,0.58,9.2,0.0,0,0.0,meters
2023-12-25,0.66,0.54,9.8,0.0,0,0.0,meters
2023-12-26,0.7,0.48,12.8,0.0,0,0.0,meters
2023-12-27,0.64,0.48,9.5,0.0,0,0.0,meters
2023-12-28,0.54,0.48,10.5,0.0,0,0.0,meters
2023-12-29,0.52,0.48,13.3,0.0,0,0.0,meters
2023-12-30,0.66,0.64,12.2,0.0,0,0.0,meters
2023-12-31,0.5,0.44,13.0,0.0,0,0.0,meters
2024-01-01,0.5,0.42,10.8,0.0,0,0.0,meters
2024-01-02,0.54,0.42,12.3,0.0,0,0.0,meters
2024-01-03,0.68,0.46,14.5,0.0,0,0.0,meters
2024-01-04,0.58,0.42,13.1,0.0,0,0.0,meters
2024-01-05,0.78,0.6,15.8,0.0,0,0.0,meters
2024-01-06,0.78,0.58,15.3,0.0,0,0.0,meters
2024-01-07,0.9,0.74,14.9,0.0,0,0.0,meters
2024-01-08,0.98,0.78,17.1,0.0,0,0.0,meters
2024-01-09,0.9,0.76,12.5,0.0,0,0.0,meters
2024-01-10,0.82,0.72,11.2,0.0,0,0.0,meters
2024-01-11,0.82,0.72,14.6,0.0,0,0.0,meters
2024-01-12,0.78,0.66,13.4,0.0,0,0.0,meters
2024-01-13,0.68,0.5,14.2,0.0,0,0.0,meters
2024-01-14,0.62,0.46,10.6,0.0,0,0.0,meters
2024-01-15,0.48,0.42,12.6,0.0,0,0.0,meters
2024-01-16,0.48,0.42,12.2,1.2,0,0.0,meters
2024-01-17,0.48,0.48,10.1,2.6,0,0.0,meters
2024-01-18,0.64,0.52,17.4,2.1,0,0.0,meters
2024-01-19,0.74,0.56,16.1,0.0,0,0.0,meters
2024-01-20,0.64,0.44,13.3,0.0,0,0.0,meters
2024-01-21,0.56,0.48,10.1,5.6,0,0.0,meters
2024-01-22,0.94,0.6,15.8,0.5,0,0.0,meters
2024-01-23,0.74,0.52,13.1,0.0,0,0.0,meters
2024-01-24,1.06,0.72,15.9,25.9,1,0.0,meters
2024-01-25,1.02,0.66,17.3,0.1,0,0.0,meters
2024-01-26,0.78,0.56,12.1,0.0,0,0.0,meters
2024-01-27,0.68,0.44,12.0,0.0,0,0.0,meters
2024-01-28,0.56,0.48,10.1,0.0,0,0.0,meters
2024-01-29,0.56,0.5,9.7,0.0,0,0.0,meters
2024-01-30,0.66,0.58,14.4,0.0,0,0.0,meters
2024-01-31,0.66,0.56,13.8,0.0,0,0.0,meters
2024-02-01,0.76,0.64,16.0,0.0,0,0.0,meters
2024-02-02,0.78,0.66,14.9,9.9,0,0.0,meters
2024-02-03,0.66,0.62,11.9,1.1,0,0.0,meters
2024-02-04,0.58,0.54,13.9,0.3,0,0.0,meters
2024-02-05,0.68,0.52,13.0,0.0,0,0.0,meters
2024-02-06,0.72,0.56,18.2,0.0,0,0.0,meters
2024-02-07,0.72,0.66,15.3,0.0,0,0.0,meters
2024-02-08,0.66,0.56,16.1,0.2,0,0.0,meters
2024-02-09,0.86,0.62,17.9,0.0,0,0.0,meters
2024-02-10,0.76,0.6,11.8,0.0,0,0.0,meters
2024-02-11,0.54,0.4,11.5,0.0,0,0.0,meters
2024-02-12,0.4,0.38,11.6,0.0,0,0.0,meters
2024-02-13,0.46,0.42,10.4,0.0,0,0.0,meters
2024-02-14,0.48,0.42,12.6,0.0,0,0.0,meters
2024-02-15,0.48,0.46,13.1,0.0,0,0.0,meters
2024-02-16,0.56,0.42,13.7,0.0,0,0.0,meters
2024-02-17,0.5,0.44,15.8,0.0,0,0.0,meters
2024-02-18,0.64,0.52,15.9,3.9,0,0.0,meters
2024-02-19,0.66,0.52,16.2,0.2,0,0.0,meters
2024-02-20,0.88,0.56,16.2,0.0,0,0.0,meters
2024-02-21,0.98,0.62,18.9,0.4,0,0.0,meters
2024-02-22,1.16,0.74,24.5,0.0,0,0.0,meters
2024-02-23,1.16,0.92,15.7,0.0,0,0.0,meters
2024-02-24,0.84,0.8,13.1,6.2,0,0.0,meters
2024-02-25,0.86,0.78,16.1,4.5,0,0.0,meters
2024-02-26,0.86,0.66,16.3,0.0,0,0.0,meters
2024-02-27,0.8,0.66,15.2,0.0,0,0.0,meters
2024-02-28,0.66,0.6,14.0,0.0,0,0.0,meters
2024-02-29,0.64,0.6,12.1,1.2,0,0.0,meters
2024-03-01,0.56,0.48,14.1,0.7,0,0.0,meters
2024-03-02,0.62,0.52,18.1,0.0,0,0.0,meters
2024-03-03,0.76,0.66,13.4,0.0,0,0.0,meters
2024-03-04,0.76,0.66,17.1,0.0,0,0.0,meters
2024-03-05,0.76,0.74,16.5,0.2,0,0.0,meters
2024-03-06,0.76,0.74,13.1,7.0,0,0.0,meters
2024-03-07,0.72,0.68,14.8,4.9,0,0.0,meters
2024-03-08,0.72,0.66,15.8,0.3,0,0.0,meters
2024-03-09,0.76,0.66,16.9,0.0,0,0.0,meters
2024-03-10,0.8,0.72,13.7,0.2,0,0.0,meters
2024-03-11,0.82,0.76,16.6,0.0,0,0.0,meters
2024-03-12,1.08,0.76,19.3,1.5,0,0.0,meters
2024-03-13,1.18,0.78,20.6,0.8,0,0.0,meters
2024-03-14,1.22,0.84,20.9,0.4,0,0.0,meters
2024-03-15,1.16,0.82,19.5,0.7,0,0.0,meters
2024-03-16,1.1,0.8,17.0,0.0,0,0.0,meters
2024-03-17,1.0,0.86,10.9,0.6,0,0.0,meters
2024-03-18,0.84,0.82,9.3,3.2,0,0.0,meters
2024-03-19,0.72,0.68,19.4,16.0,1,0.0,meters
2024-03-20,1.08,1.06,19.9,26.7,1,0.0,meters
2024-03-21,1.1,1.1,14.9,0.7,0,0.0,meters
2024-03-22,1.02,0.7,17.4,2.9,0,0.0,meters
2024-03-23,1.14,0.68,20.1,0.0,0,0.0,meters
2024-03-24,1.18,0.76,19.3,0.0,0,0.0,meters
2024-03-25,1.04,0.7,17.6,0.0,0,0.0,meters
2024-03-26,1.1,0.88,20.7,0.0,0,0.0,meters
2024-03-27,1.14,0.88,18.2,0.0,0,0.0,meters
2024-03-28,1.16,0.82,18.5,0.0,0,0.0,meters
2024-03-29,1.14,0.64,19.9,0.0,0,0.0,meters
2024-03-30,1.18,0.74,17.6,0.0,0,0.0,meters
2024-03-31,1.42,0.92,18.4,4.4,0,0.0,meters
2024-04-01,1.46,1.08,19.6,0.0,0,0.0,meters
2024-04-02,1.96,1.46,20.5,0.0,0,0.0,meters
2024-04-03,1.68,1.3,22.1,1.4,0,0.0,meters
2024-04-04,1.34,0.98,21.3,0.0,0,0.0,meters
2024-04-05,1.26,0.84,18.2,0.0,0,0.0,meters
2024-04-06,1.12,0.82,18.6,0.0,0,0.0,meters
2024-04-07,0.98,0.68,18.2,6.0,0,0.0,meters
2024-04-08,0.88,0.72,24.0,0.0,0,0.0,meters
2024-04-09,0.74,0.72,13.3,0.0,0,0.0,meters
2024-04-10,0.66,0.62,10.7,0.8,0,0.0,meters
2024-04-11,0.72,0.6,24.7,0.5,0,0.0,meters
2024-04-12,0.64,0.62,10.7,0.0,0,0.0,meters
2024-04-13,0.7,0.66,14.6,0.0,0,0.0,meters
2024-04-14,0.66,0.62,15.9,0.4,0,0.0,meters
2024-04-15,0.84,0.68,18.0,0.0,0,0.0,meters
2024-04-16,0.88,0.62,14.4,0.8,0,0.0,meters
2024-04-17,1.12,0.78,16.7,0.0,0,0.0,meters
2024-04-18,1.1,0.9,17.2,0.0,0,0.0,meters
2024-04-19,1.4,0.82,21.6,0.0,0,0.0,meters
2024-04-20,1.72,1.02,21.7,0.0,0,0.0,meters
2024-04-21,1.48,0.98,19.0,0.0,0,0.0,meters
2024-04-22,1.4,1.08,17.2,0.8,0,0.0,meters
2024-04-23,0.96,0.74,16.0,0.1,0,0.0,meters
2024-04-24,1.12,1.02,15.2,0.0,0,0.0,meters
2024-04-25,1.22,1.02,19.3,0.0,0,0.0,meters
2024-04-26,1.38,0.98,18.9,0.0,0,0.0,meters
2024-04-27,1.44,1.02,18.9,0.0,0,0.0,meters
2024-04-28,1.26,0.9,14.8,4.1,0,0.0,meters
2024-04-29,1.36,0.96,18.0,0.0,0,0.0,meters
2024-04-30,1.76,1.12,21.6,0.0,0,0.0,meters
2024-05-01,1.82,1.16,23.7,0.0,0,0.0,meters
2024-05-02,1.76,1.32,26.5,0.0,0,0.0,meters
2024-05-03,1.72,1.5,18.5,0.0,0,0.0,meters
2024-05-04,1.3,1.06,22.7,0.1,0,0.0,meters
2024-05-05,1.88,1.02,26.6,0.0,0,0.0,meters
2024-05-06,1.96,1.32,30.8,0.2,0,0.0,meters
2024-05-07,2.04,1.46,27.0,0.8,0,0.0,meters
2024-05-08,1.48,1.1,17.9,4.2,0,0.0,meters
2024-05-09,1.14,0.98,21.7,6.6,0,0.0,meters
2024-05-10,1.18,0.9,21.9,3.4,0,0.0,meters
2024-05-11,1.26,1.02,21.0,1.9,0,0.0,meters
2024-05-12,1.24,0.92,20.0,8.5,0,0.0,meters
2024-05-13,1.04,0.8,15.1,0.7,0,0.0,meters
2024-05-14,0.74,0.66,14.5,1.6,0,0.0,meters
2024-05-15,0.74,0.62,17.3,0.9,0,0.0,meters
2024-05-16,0.86,0.64,16.6,0.3,0,0.0,meters
2024-05-17,0.9,0.7,23.1,0.0,0,0.0,meters
2024-05-18,1.02,0.76,16.6,0.0,0,0.0,meters
2024-05-19,1.14,0.84,18.0,1.2,0,0.0,meters
2024-05-20,1.06,0.78,22.6,0.8,0,0.0,meters
2024-05-21,0.94,0.8,18.8,0.2,0,0.0,meters
2024-05-22,0.86,0.76,18.3,0.0,0,0.0,meters
2024-05-23,1.16,1.04,16.3,1.2,0,0.0,meters
2024-05-24,1.68,1.24,19.6,6.9,0,0.0,meters
2024-05-25,1.84,1.42,27.0,10.1,1,0.0,meters
2024-05-26,2.3,1.82,27.6,35.3,1,0.0,meters
2024-05-27,2.98,2.68,22.0,1.4,0,0.0,meters
2024-05-28,2.78,2.48,27.0,0.0,0,0.0,meters
2024-05-29,2.58,2.22,27.0,0.0,0,0.0,meters
2024-05-30,2.48,1.76,27.9,0.2,0,0.0,meters
2024-05-31,2.14,1.42,24.0,0.7,0,0.0,meters
2024-06-01,1.7,1.4,23.3,0.5,1,0.0,meters
2024-06-02,1.38,1.12,24.7,1.8,1,0.0,meters
2024-06-03,1.64,1.22,21.2,0.0,1,0.0,meters
2024-06-04,1.72,1.28,27.3,11.1,1,0.0,meters
2024-06-05,1.7,1.18,17.9,0.0,1,0.0,meters
2024-06-06,2.02,1.52,20.8,0.0,1,0.0,meters
2024-06-07,2.2,1.46,22.9,0.0,1,0.0,meters
2024-06-08,2.34,1.58,21.9,0.0,1,0.0,meters
2024-06-09,2.34,1.68,22.8,0.0,1,0.0,meters
2024-06-10,2.16,1.52,21.8,0.0,1,0.0,meters
2024-06-11,2.18,1.5,23.2,0.0,1,0.0,meters
2024-06-12,2.22,1.88,23.2,0.0,1,0.0,meters
2024-06-13,2.56,1.94,29.4,0.0,1,0.0,meters
2024-06-14,2.4,2.06,21.9,0.0,1,0.0,meters
2024-06-15,2.0,1.46,24.0,0.0,1,0.0,meters
2024-06-16,1.72,1.44,19.5,1.1,1,0.0,meters
2024-06-17,1.78,1.42,25.4,7.0,1,0.0,meters
2024-06-18,2.0,1.56,29.3,4.5,1,0.0,meters
2024-06-19,2.08,1.74,23.9,0.0,1,0.0,meters
2024-06-20,2.3,2.04,18.1,9.6,1,0.0,meters
2024-06-21,1.88,1.72,16.2,15.0,1,0.0,meters
2024-06-22,1.5,1.32,17.3,13.1,1,0.0,meters
2024-06-23,1.62,1.2,18.6,9.3,1,0.0,meters
2024-06-24,1.74,1.4,20.3,4.4,1,0.0,meters
2024-06-25,1.56,1.38,16.9,1.3,1,0.0,meters
2024-06-26,1.36,1.36,14.8,3.8,1,0.0,meters
2024-06-27,1.34,1.32,16.3,4.8,1,0.0,meters
2024-06-28,1.9,1.8,18.0,2.1,1,0.0,meters
2024-06-29,2.12,1.84,18.4,20.9,1,0.0,meters
2024-06-30,2.16,1.94,19.4,19.4,1,0.0,meters
2024-07-01,2.48,1.96,22.4,9.2,1,0.0,meters
2024-07-02,2.12,1.92,18.8,7.2,1,0.0,meters
2024-07-03,1.84,1.58,13.8,8.8,1,0.0,meters
2024-07-04,1.8,1.4,22.9,5.3,1,0.0,meters
2024-07-05,1.8,1.38,23.3,12.7,1,0.0,meters
2024-07-06,1.78,1.4,21.7,10.2,1,0.0,meters
2024-07-07,1.76,1.4,13.9,4.8,1,0.0,meters
2024-07-08,1.32,1.22,16.9,1.1,1,0.0,meters
2024-07-09,1.46,1.14,21.5,2.3,1,0.0,meters
2024-07-10,1.7,1.12,23.9,0.4,1,0.0,meters
2024-07-11,1.74,1.14,21.9,7.1,1,0.0,meters
2024-07-12,1.74,1.38,19.9,16.6,1,0.0,meters
2024-07-13,1.56,1.5,12.7,15.8,1,0.0,meters
2024-07-14,1.66,1.58,15.8,9.6,1,0.0,meters
2024-07-15,1.64,1.5,17.7,5.9,1,0.0,meters
2024-07-16,1.82,1.72,13.9,2.9,1,0.0,meters
2024-07-17,1.84,1.66,14.5,2.5,1,0.0,meters
2024-07-18,2.04,1.64,26.0,5.3,1,0.0,meters
2024-07-19,2.48,2.14,21.8,10.3,1,0.0,meters
2024-07-20,2.76,2.64,22.9,8.6,1,0.0,meters
2024-07-21,2.86,2.6,23.8,8.3,1,0.0,meters
2024-07-22,2.82,2.38,23.9,5.8,1,0.0,meters
2024-07-23,2.72,2.22,21.6,17.6,1,0.0,meters
2024-07-24,2.64,2.36,21.5,2.7,1,0.0,meters
2024-07-25,2.54,2.36,22.9,14.6,1,0.0,meters
2024-07-26,2.42,2.3,19.4,12.3,1,0.0,meters
2024-07-27,2.22,2.06,18.0,1.4,1,0.0,meters
2024-07-28,2.02,2.02,13.5,7.9,1,0.0,meters
2024-07-29,1.94,1.64,14.1,23.6,1,0.0,meters
2024-07-30,1.76,1.54,19.7,9.1,1,0.0,meters
2024-07-31,1.64,1.16,17.7,16.4,1,0.0,meters
2024-08-01,2.04,1.46,20.4,30.4,1,0.0,meters
2024-08-02,2.38,1.56,24.7,2.6,1,0.0,meters
2024-08-03,2.2,1.38,21.9,3.6,1,0.0,meters
2024-08-04,1.78,1.28,19.2,5.8,1,0.0,meters
2024-08-05,1.58,1.08,16.0,18.2,1,0.0,meters
2024-08-06,1.5,1.08,14.6,23.5,1,0.0,meters
2024-08-07,1.66,1.04,16.0,4.0,1,0.0,meters
2024-08-08,1.84,1.52,20.0,14.4,1,0.0,meters
2024-08-09,1.78,1.22,17.0,20.8,1,0.0,meters
2024-08-10,1.5,1.06,17.2,23.1,1,0.0,meters
2024-08-11,1.46,1.18,17.3,14.2,1,0.0,meters
2024-08-12,1.28,1.0,16.6,3.6,1,0.0,meters
2024-08-13,1.16,0.86,16.9,22.9,1,0.0,meters
2024-08-14,1.3,1.02,16.4,17.2,1,0.0,meters
2024-08-15,1.4,1.26,18.5,39.8,1,0.0,meters
2024-08-16,1.68,1.4,13.9,37.4,1,0.0,meters
2024-08-17,1.44,1.28,16.2,42.7,1,0.0,meters
2024-08-18,1.34,1.18,16.2,18.5,1,0.0,meters
2024-08-19,1.32,1.16,13.9,6.5,1,0.0,meters
2024-08-20,1.52,1.14,21.2,17.7,1,0.0,meters
2024-08-21,1.62,1.06,23.7,12.2,1,0.0,meters
2024-08-22,1.66,1.04,16.9,15.2,1,0.0,meters
2024-08-23,1.8,1.44,15.5,28.6,1,0.0,meters
2024-08-24,1.92,1.58,18.1,21.3,1,0.0,meters
2024-08-25,1.94,1.58,15.3,4.9,1,0.0,meters
2024-08-26,1.74,1.64,12.7,19.2,1,0.0,meters
2024-08-27,1.42,1.34,11.6,13.3,1,0.0,meters
2024-08-28,1.22,1.1,8.6,28.9,1,0.0,meters
2024-08-29,1.26,1.14,17.5,1.4,1,0.0,meters
2024-08-30,1.58,1.04,22.6,3.9,1,0.0,meters
2024-08-31,2.28,2.02,23.7,3.7,1,0.0,meters
2024-09-01,2.04,1.84,19.7,4.2,1,0.0,meters
2024-09-02,2.04,1.8,15.9,11.6,1,0.0,meters
2024-09-03,1.58,1.52,18.4,1.9,1,0.0,meters
2024-09-04,1.38,1.34,15.6,1.3,1,0.0,meters
2024-09-05,1.36,1.32,13.6,0.5,1,0.0,meters
2024-09-06,1.32,1.04,16.6,5.7,1,0.0,meters
2024-09-07,1.9,1.2,24.8,25.8,1,0.0,meters
2024-09-08,2.56,2.02,22.5,13.1,1,0.0,meters
2024-09-09,3.26,2.56,34.8,5.8,1,0.0,meters
2024-09-10,2.88,2.46,25.4,2.4,1,0.0,meters
2024-09-11,2.36,2.16,16.3,1.9,1,0.0,meters
2024-09-12,1.72,1.66,13.0,6.9,1,0.0,meters
2024-09-13,1.52,1.24,17.0,21.0,1,0.0,meters
2024-09-14,1.36,1.1,23.6,15.6,1,0.0,meters
2024-09-15,1.6,1.1,28.3,6.9,1,0.0,meters
2024-09-16,1.62,1.26,20.8,13.0,1,0.0,meters
2024-09-17,1.44,1.24,17.8,21.5,1,0.0,meters
2024-09-18,1.38,1.32,12.9,1.5,1,0.0,meters
2024-09-19,1.14,1.06,9.1,0.0,1,0.0,meters
2024-09-20,1.04,1.04,12.7,0.9,1,0.0,meters
2024-09-21,1.18,1.04,14.0,0.4,1,0.0,meters
2024-09-22,0.94,0.9,9.0,21.6,1,0.0,meters
2024-09-23,1.1,1.06,11.9,42.3,1,0.0,meters
2024-09-24,1.06,0.98,12.3,24.3,1,0.0,meters
2024-09-25,1.9,1.36,20.6,35.1,1,0.0,meters
2024-09-26,1.98,1.58,22.4,21.2,1,0.0,meters
2024-09-27,1.9,1.6,21.6,14.0,1,0.0,meters
2024-09-28,1.56,1.1,19.5,4.1,1,0.0,meters
2024-09-29,1.14,0.78,16.8,4.0,1,0.0,meters
2024-09-30,1.16,0.9,12.6,1.6,1,0.0,meters
2024-10-01,1.16,1.02,14.9,0.9,0,0.0,meters
2024-10-02,1.14,0.96,12.7,16.9,1,0.0,meters
2024-10-03,1.22,0.92,16.0,0.5,0,0.0,meters
2024-10-04,1.16,0.92,11.1,0.0,0,0.0,meters
2024-10-05,1.16,0.86,9.3,1.1,0,0.0,meters
2024-10-06,1.04,0.96,10.8,2.1,0,0.0,meters
2024-10-07,1.02,0.96,10.7,2.5,0,0.0,meters
2024-10-08,1.04,1.0,8.2,6.7,0,0.0,meters
2024-10-09,1.0,1.0,12.9,1.3,0,0.0,meters
2024-10-10,0.86,0.84,13.6,0.0,0,0.0,meters
2024-10-11,0.86,0.7,10.5,0.1,0,0.0,meters
2024-10-12,1.04,1.04,9.3,0.8,0,0.0,meters
2024-10-13,1.14,1.14,12.7,0.3,0,0.0,meters
2024-10-14,1.08,1.06,12.1,0.1,0,0.0,meters
2024-10-15,0.96,0.92,10.2,0.2,0,0.0,meters
2024-10-16,1.28,1.18,12.6,0.4,0,0.0,meters
2024-10-17,1.52,1.36,11.1,1.9,0,0.0,meters
2024-10-18,1.52,1.44,13.1,0.3,0,0.0,meters
2024-10-19,1.26,1.08,9.2,23.7,1,0.0,meters
2024-10-20,1.08,1.02,12.0,3.3,0,0.0,meters
2024-10-21,0.94,0.84,14.9,0.0,0,0.0,meters
2024-10-22,1.04,0.88,16.6,0.0,0,0.0,meters
2024-10-23,2.98,2.62,24.6,39.2,1,0.0,meters
2024-10-24,4.18,3.78,44.9,99.1,1,0.0,meters
2024-10-25,2.02,1.26,29.7,46.1,1,0.0,meters
2024-10-26,1.58,1.2,14.3,7.0,0,0.0,meters
2024-10-27,1.18,1.14,13.9,3.2,0,0.0,meters
2024-10-28,1.08,1.02,10.0,7.0,0,0.0,meters
2024-10-29,0.88,0.82,10.0,2.2,0,0.0,meters
2024-10-30,0.76,0.72,11.5,0.8,0,0.0,meters
2024-10-31,0.86,0.82,12.4,0.0,0,0.0,meters
2024-11-01,0.94,0.94,17.1,4.0,0,0.0,meters
2024-11-02,0.86,0.86,10.1,0.0,0,0.0,meters
2024-11-03,0.72,0.7,8.3,0.0,0,0.0,meters
2024-11-04,0.7,0.66,9.5,0.0,0,0.0,meters
2024-11-05,0.66,0.52,12.2,1.5,0,0.0,meters
2024-11-06,0.62,0.48,14.8,1.6,0,0.0,meters
2024-11-07,0.72,0.58,13.2,0.9,0,0.0,meters
2024-11-08,0.8,0.54,14.3,0.4,0,0.0,meters
2024-11-09,1.04,0.84,13.4,0.0,0,0.0,meters
2024-11-10,1.36,1.16,19.5,0.0,0,0.0,meters
2024-11-11,1.3,1.02,19.5,0.5,0,0.0,meters
2024-11-12,1.12,0.84,16.3,3.5,0,0.0,meters
2024-11-13,1.16,0.92,16.8,0.0,0,0.0,meters
2024-11-14,1.12,0.94,15.6,0.0,0,0.0,meters
2024-11-15,0.96,0.8,10.2,0.0,0,0.0,meters
2024-11-16,0.86,0.7,14.8,0.0,0,0.0,meters
2024-11-17,0.72,0.64,10.5,0.0,0,0.0,meters
2024-11-18,0.72,0.64,11.2,0.0,0,0.0,meters
2024-11-19,0.66,0.6,12.2,0.0,0,0.0,meters
2024-11-20,0.7,0.66,8.9,0.0,0,0.0,meters
2024-11-21,0.72,0.7,7.8,0.0,0,0.0,meters
2024-11-22,0.76,0.7,11.7,0.0,0,0.0,meters
2024-11-23,0.78,0.68,12.3,0.0,0,0.0,meters
2024-11-24,0.8,0.76,13.2,0.0,0,0.0,meters
2024-11-25,0.78,0.7,14.8,0.0,0,0.0,meters
2024-11-26,0.72,0.58,12.0,0.0,0,0.0,meters
2024-11-27,0.92,0.64,17.9,0.0,0,0.0,meters
2024-11-28,1.34,1.0,22.4,0.0,0,0.0,meters
2024-11-29,1.9,1.68,21.7,9.8,0,0.0,meters
2024-11-30,1.78,1.62,18.5,0.6,0,0.0,meters
2024-12-01,1.78,1.64,18.5,0.0,0,0.0,meters
2024-12-02,1.44,1.34,16.9,11.1,1,0.0,meters
2024-12-03,1.3,1.04,14.5,0.0,0,0.0,meters
2024-12-04,1.12,1.06,14.6,0.0,0,0.0,meters
2024-12-05,0.98,0.92,12.5,0.0,0,0.0,meters
2024-12-06,0.74,0.66,11.1,1.2,0,0.0,meters
2024-12-07,0.88,0.88,11.4,0.4,0,0.0,meters
2024-12-08,0.82,0.82,13.7,0.0,0,0.0,meters
2024-12-09,0.7,0.66,12.2,0.0,0,0.0,meters
2024-12-10,0.72,0.62,11.7,1.1,0,0.0,meters
2024-12-11,0.98,0.7,16.6,0.0,0,0.0,meters
2024-12-12,1.04,0.94,12.0,0.0,0,0.0,meters
2024-12-13,1.1,0.92,14.8,0.0,0,0.0,meters
2024-12-14,1.14,0.78,20.5,0.0,0,0.0,meters
2024-12-15,1.04,0.7,15.9,0.0,0,0.0,meters
2024-12-16,0.88,0.56,13.9,0.0,0,0.0,meters
2024-12-17,0.98,0.72,14.3,0.0,0,0.0,meters
2024-12-18,1.04,0.74,15.7,0.0,0,0.0,meters
2024-12-19,1.32,0.86,19.8,0.0,0,0.0,meters
2024-12-20,1.24,0.9,14.8,4.7,0,0.0,meters
2024-12-21,1.68,0.94,17.7,50.5,1,0.0,meters
2024-12-22,1.7,1.04,17.3,0.0,0,0.0,meters
2024-12-23,1.32,0.76,17.5,0.0,0,0.0,meters
2024-12-24,1.16,0.86,16.7,6.5,0,0.0,meters
2024-12-25,1.14,0.82,13.4,15.5,1,0.0,meters
2024-12-26,0.9,0.76,13.8,0.1,0,0.0,meters
2024-12-27,0.96,0.66,18.0,0.0,0,0.0,meters
2024-12-28,0.76,0.6,10.3,0.0,0,0.0,meters
2024-12-29,0.6,0.52,10.3,0.0,0,0.0,meters
2024-12-30,0.64,0.58,12.8,0.0,0,0.0,meters
2024-12-31,0.88,0.72,13.4,0.0,0,0.0,meters
2025-01-01,1.02,0.8,14.5,0.0,0,0.0,meters
2025-01-02,0.84,0.64,15.7,0.0,0,0.0,meters
2025-01-03,0.7,0.58,13.4,0.0,0,0.0,meters
2025-01-04,0.66,0.58,12.5,0.0,0,0.0,meters
2025-01-05,0.78,0.76,13.3,0.0,0,0.0,meters
2025-01-06,0.66,0.64,9.5,0.0,0,0.0,meters
2025-01-07,0.72,0.68,10.5,0.0,0,0.0,meters
2025-01-08,0.68,0.58,14.5,0.0,0,0.0,meters
2025-01-09,0.6,0.52,13.4,0.0,0,0.0,meters
2025-01-10,0.74,0.52,14.9,0.0,0,0.0,meters
2025-01-11,0.7,0.56,14.3,0.0,0,0.0,meters
2025-01-12,0.62,0.48,10.2,0.0,0,0.0,meters
2025-01-13,0.66,0.48,9.6,0.0,0,0.0,meters
2025-01-14,0.72,0.56,16.4,0.0,0,0.0,meters
2025-01-15,0.78,0.48,14.4,0.0,0,0.0,meters
2025-01-16,0.9,0.78,15.0,0.0,0,0.0,meters
2025-01-17,0.96,0.9,14.1,0.0,0,0.0,meters
2025-01-18,0.92,0.88,14.0,0.0,0,0.0,meters
2025-01-19,0.76,0.72,11.1,0.0,0,0.0,meters
2025-01-20,0.86,0.84,11.4,0.0,0,0.0,meters
2025-01-21,0.94,0.94,10.8,0.0,0,0.0,meters
2025-01-22,0.94,0.94,11.9,0.0,0,0.0,meters
2025-01-23,0.84,0.82,11.7,0.0,0,0.0,meters
2025-01-24,0.76,0.74,12.7,0.0,0,0.0,meters
2025-01-25,0.62,0.56,13.8,0.0,0,0.0,meters
2025-01-26,0.66,0.56,14.4,0.5,0,0.0,meters
2025-01-27,0.66,0.62,14.6,0.5,0,0.0,meters
2025-01-28,0.9,0.9,14.0,0.2,0,0.0,meters
2025-01-29,0.8,0.76,16.3,0.2,0,0.0,meters
2025-01-30,0.84,0.72,22.9,0.0,0,0.0,meters
2025-01-31,0.82,0.68,18.6,0.0,0,0.0,meters
2025-02-01,0.64,0.56,15.6,0.0,0,0.0,meters
2025-02-02,0.66,0.52,15.4,0.0,0,0.0,meters
2025-02-03,0.76,0.66,17.7,0.0,0,0.0,meters
2025-02-04,0.66,0.58,14.2,0.0,0,0.0,meters
2025-02-05,0.62,0.5,16.6,0.3,0,0.0,meters
2025-02-06,0.6,0.48,15.2,0.1,0,0.0,meters
2025-02-07,0.66,0.6,15.3,0.0,0,0.0,meters
2025-02-08,0.76,0.7,17.3,0.0,0,0.0,meters
2025-02-09,0.74,0.7,13.0,0.0,0,0.0,meters
2025-02-10,0.72,0.68,17.8,0.1,0,0.0,meters
2025-02-11,0.88,0.56,21.2,0.0,0,0.0,meters
2025-02-12,0.86,0.54,16.5,0.0,0,0.0,meters
2025-02-13,0.92,0.6,13.8,0.0,0,0.0,meters
2025-02-14,0.9,0.64,17.5,0.0,0,0.0,meters
2025-02-15,0.68,0.58,16.2,0.0,0,0.0,meters
2025-02-16,0.76,0.62,20.5,0.0,0,0.0,meters
2025-02-17,0.8,0.62,18.9,0.0,0,0.0,meters
2025-02-18,0.78,0.58,19.5,1.8,0,0.0,meters
2025-02-19,0.84,0.64,17.2,3.2,0,0.0,meters
2025-02-20,0.92,0.86,18.7,0.8,0,0.0,meters
2025-02-21,1.08,1.08,13.4,1.1,0,0.0,meters
2025-02-22,1.1,1.06,16.2,1.1,0,0.0,meters
2025-02-23,1.0,0.88,13.9,4.0,0,0.0,meters
2025-02-24,0.72,0.68,14.0,0.4,0,0.0,meters
2025-02-25,0.72,0.68,13.5,0.2,0,0.0,meters
2025-02-26,0.7,0.64,13.5,0.1,0,0.0,meters
2025-02-27,0.82,0.72,19.0,0.0,0,0.0,meters
2025-02-28,0.84,0.78,15.5,0.1,0,0.0,meters
2025-03-01,0.82,0.76,19.4,0.0,0,0.0,meters
2025-03-02,1.02,0.76,15.7,0.0,0,0.0,meters
2025-03-03,0.9,0.7,12.6,0.0,0,0.0,meters
2025-03-04,0.64,0.56,19.0,0.0,0,0.0,meters
2025-03-05,0.72,0.56,13.8,0.1,0,0.0,meters
2025-03-06,0.86,0.64,16.0,0.0,0,0.0,meters
2025-03-07,0.7,0.6,16.7,0.0,0,0.0,meters
2025-03-08,0.8,0.52,20.0,0.0,0,0.0,meters
2025-03-09,0.8,0.56,15.6,0.0,0,0.0,meters
2025-03-10,0.58,0.52,12.2,0.0,0,0.0,meters
2025-03-11,0.7,0.56,17.3,0.0,0,0.0,meters
2025-03-12,1.12,0.8,21.7,0.0,0,0.0,meters
2025-03-13,1.34,0.9,22.1,0.0,0,0.0,meters
2025-03-14,1.56,0.92,21.7,0.0,0,0.0,meters
2025-03-15,1.24,0.76,20.8,0.0,0,0.0,meters
2025-03-16,1.04,0.66,18.6,0.0,0,0.0,meters
2025-03-17,1.06,0.66,21.7,0.0,0,0.0,meters
2025-03-18,1.14,0.72,14.6,0.0,0,0.0,meters
2025-03-19,1.02,0.74,18.9,0.0,0,0.0,meters
2025-03-20,1.12,0.84,20.2,0.0,0,0.0,meters
2025-03-21,1.08,0.8,22.7,0.2,0,0.0,meters
2025-03-22,0.94,0.76,11.3,7.9,0,0.0,meters
2025-03-23,0.76,0.64,17.4,15.9,1,0.0,meters
2025-03-24,0.66,0.62,12.4,7.9,0,0.0,meters
2025-03-25,0.78,0.68,12.5,0.0,0,0.0,meters
2025-03-26,1.08,0.7,20.1,0.0,0,0.0,meters
2025-03-27,1.08,0.82,16.4,0.0,0,0.0,meters
2025-03-28,1.06,0.82,16.0,0.0,0,0.0,meters
2025-03-29,1.1,0.8,17.5,0.2,0,0.0,meters
2025-03-30,0.98,0.76,17.3,0.0,0,0.0,meters
2025-03-31,1.1,0.7,20.1,0.0,0,0.0,meters
2025-04-01,1.16,0.76,21.0,0.0,0,0.0,meters
2025-04-02,1.06,0.66,19.9,0.0,0,0.0,meters
2025-04-03,0.78,0.66,17.3,0.0,0,0.0,meters
2025-04-04,0.76,0.66,16.0,1.6,0,0.0,meters
2025-04-05,0.88,0.58,20.0,0.0,0,0.0,meters
2025-04-06,1.1,0.7,21.1,0.0,0,0.0,meters
2025-04-07,1.14,0.84,21.1,0.1,0,0.0,meters
2025-04-08,1.86,1.38,18.3,5.2,0,0.0,meters
2025-04-09,2.04,1.8,20.6,2.0,0,0.0,meters
2025-04-10,1.7,1.52,16.1,0.2,0,0.0,meters
2025-04-11,1.54,1.3,13.9,0.5,0,0.0,meters
2025-04-12,1.26,1.12,20.1,18.2,1,0.0,meters
2025-04-13,1.26,1.06,16.7,0.0,0,0.0,meters
2025-04-14,1.26,1.1,14.8,0.0,0,0.0,meters
2025-04-15,1.24,1.24,13.9,5.6,0,0.0,meters
2025-04-16,1.22,1.14,20.2,4.9,0,0.0,meters
2025-04-17,1.38,1.06,21.3,1.9,0,0.0,meters
2025-04-18,1.26,0.8,26.2,2.3,0,0.0,meters
2025-04-19,1.44,0.84,24.3,0.0,0,0.0,meters
2025-04-20,1.38,0.96,24.3,0.5,0,0.0,meters
2025-04-21,1.48,0.9,23.6,0.0,0,0.0,meters
2025-04-22,1.56,0.94,25.7,0.0,0,0.0,meters
2025-04-23,1.64,1.04,22.8,0.0,0,0.0,meters
2025-04-24,1.96,1.18,28.6,0.0,0,0.0,meters
2025-04-25,1.8,1.2,26.6,0.0,0,0.0,meters
2025-04-26,1.7,0.98,28.0,0.0,0,0.0,meters
2025-04-27,1.32,0.94,23.0,0.0,0,0.0,meters
2025-04-28,1.1,0.86,20.4,17.4,1,0.0,meters
2025-04-29,1.14,1.04,15.8,2.2,0,0.0,meters
2025-04-30,1.26,1.24,13.5,0.0,0,0.0,meters
2025-05-01,1.22,1.22,12.5,2.9,0,0.0,meters
2025-05-02,1.1,1.1,14.4,2.2,0,0.0,meters
2025-05-03,0.96,0.94,16.8,13.3,1,0.0,meters
2025-05-04,1.02,0.88,17.0,0.0,0,0.0,meters
2025-05-05,1.0,0.84,15.1,2.1,0,0.0,meters
2025-05-06,1.0,0.82,16.6,0.9,0,0.0,meters
2025-05-07,0.98,0.72,16.5,0.0,0,0.0,meters
2025-05-08,1.12,0.96,17.7,0.0,0,0.0,meters
2025-05-09,1.2,1.14,15.7,0.0,0,0.0,meters
2025-05-10,1.46,1.32,18.2,0.2,0,0.0,meters
2025-05-11,1.42,1.3,19.7,0.0,0,0.0,meters
2025-05-12,1.16,0.86,19.6,0.0,0,0.0,meters
2025-05-13,1.12,0.84,22.8,0.0,0,0.0,meters
2025-05-14,1.18,0.86,20.5,0.0,0,0.0,meters
2025-05-15,1.18,0.96,23.9,1.3,0,0.0,meters
2025-05-16,1.14,0.96,22.3,0.7,0,0.0,meters
2025-05-17,1.08,1.02,24.3,0.0,0,0.0,meters
2025-05-18,1.16,0.98,22.4,0.0,0,0.0,meters
2025-05-19,1.16,0.86,18.1,0.5,0,0.0,meters
2025-05-20,1.32,1.02,22.7,0.6,0,0.0,meters
2025-05-21,1.34,1.08,18.0,1.1,0,0.0,meters
2025-05-22,1.2,1.18,13.3,4.9,0,0.0,meters
2025-05-23,1.08,1.04,12.6,10.2,1,0.0,meters
2025-05-24,1.14,1.06,11.9,29.9,1,0.0,meters
2025-05-25,1.32,1.2,13.3,10.8,1,0.0,meters
2025-05-26,1.46,1.22,12.2,5.3,0,0.0,meters
2025-05-27,1.78,1.62,18.2,23.2,1,0.0,meters
2025-05-28,1.88,1.8,17.4,43.1,1,0.0,meters
2025-05-29,2.64,2.46,24.4,31.4,1,0.0,meters
2025-05-30,2.78,2.54,22.8,7.5,0,0.0,meters
2025-05-31,2.38,2.12,19.5,3.8,0,0.0,meters
2025-06-01,2.0,1.72,17.4,0.5,1,0.0,meters
2025-06-02,2.0,1.7,21.3,0.0,1,0.0,meters
2025-06-03,2.1,1.82,17.5,0.6,1,0.0,meters
2025-06-04,1.74,1.4,16.4,1.4,1,0.0,meters
2025-06-05,1.5,1.16,21.0,9.2,1,0.0,meters
2025-06-06,1.46,1.36,16.9,5.9,1,0.0,meters
2025-06-07,1.32,1.28,16.6,0.9,1,0.0,meters
2025-06-08,1.24,1.14,14.9,0.4,1,0.0,meters
2025-06-09,1.24,1.14,13.3,1.5,1,0.0,meters
2025-06-10,1.26,1.18,16.4,4.8,1,0.0,meters
2025-06-11,1.42,1.16,20.6,2.7,1,0.0,meters
2025-06-12,1.36,1.36,19.3,4.9,1,0.0,meters
2025-06-13,1.3,1.28,12.3,3.0,1,0.0,meters
2025-06-14,1.7,1.34,21.2,3.6,1,0.0,meters
2025-06-15,1.9,1.9,14.7,15.3,1,0.0,meters
2025-06-16,2.3,2.22,12.8,19.8,1,0.0,meters
2025-06-17,2.54,2.42,20.4,12.2,1,0.0,meters
2025-06-18,2.3,1.82,24.0,10.0,1,0.0,meters
2025-06-19,2.4,2.02,29.8,11.9,1,0.0,meters
2025-06-20,2.28,2.02,20.8,21.3,1,0.0,meters
2025-06-21,1.74,1.56,16.3,3.0,1,0.0,meters
2025-06-22,1.42,1.16,13.7,12.8,1,0.0,meters
2025-06-23,1.68,1.4,14.5,9.6,1,0.0,meters
2025-06-24,2.1,1.78,16.2,15.4,1,0.0,meters
2025-06-25,2.04,1.76,15.2,22.4,1,0.0,meters
2025-06-26,2.18,1.62,23.5,8.3,1,0.0,meters
2025-06-27,2.14,1.78,21.8,25.2,1,0.0,meters
2025-06-28,1.86,1.4,22.6,33.1,1,0.0,meters
2025-06-29,1.94,1.52,28.9,6.9,1,0.0,meters
2025-06-30,1.92,1.56,22.3,4.2,1,0.0,meters
2025-07-01,2.0,1.76,18.9,15.1,1,0.0,meters
2025-07-02,1.98,1.84,19.5,18.4,1,0.0,meters
2025-07-03,1.94,1.62,18.1,15.0,1,0.0,meters
2025-07-04,1.74,1.5,18.2,31.9,1,0.0,meters
2025-07-05,1.82,1.58,19.6,23.0,1,0.0,meters
2025-07-06,1.74,1.48,20.1,14.7,1,0.0,meters
2025-07-07,2.3,1.84,19.5,14.7,1,0.0,meters
2025-07-08,2.04,1.82,25.0,1.6,1,0.0,meters
2025-07-09,2.14,1.8,21.7,1.7,1,0.0,meters
2025-07-10,1.9,1.74,22.1,1.7,1,0.0,meters
2025-07-11,1.56,1.5,16.7,2.8,1,0.0,meters
2025-07-12,1.64,1.3,19.9,7.0,1,0.0,meters
2025-07-13,1.66,1.64,13.4,23.9,1,0.0,meters
2025-07-14,1.58,1.56,13.6,29.4,1,0.0,meters
2025-07-15,1.38,1.32,18.2,4.0,1,0.0,meters
2025-07-16,1.32,1.26,18.1,14.6,1,0.0,meters
2025-07-17,1.26,1.06,19.8,4.1,1,0.0,meters
2025-07-18,1.26,1.22,16.0,2.4,1,0.0,meters
2025-07-19,1.36,1.3,16.4,14.0,1,0.0,meters
2025-07-20,1.46,1.44,13.3,1.7,1,0.0,meters
2025-07-21,1.44,1.36,13.9,2.6,1,0.0,meters
2025-07-22,1.62,1.44,12.4,5.7,1,0.0,meters
2025-07-23,1.84,1.78,12.9,3.4,1,0.0,meters
2025-07-24,1.96,1.8,15.9,26.1,1,0.0,meters
2025-07-25,2.66,2.0,22.0,38.6,1,0.0,meters
2025-07-26,2.86,2.38,25.4,3.4,1,0.0,meters
2025-07-27,2.72,2.38,20.3,1.0,1,0.0,meters
2025-07-28,2.08,1.84,20.8,0.2,1,0.0,meters
2025-07-29,1.74,1.4,17.4,12.7,1,0.0,meters
2025-07-30,1.72,1.28,18.1,10.2,1,0.0,meters
2025-07-31,1.68,1.32,17.3,4.2,1,0.0,meters
2025-08-01,1.7,1.58,16.0,5.9,1,0.0,meters
2025-08-02,1.66,1.58,17.5,2.3,1,0.0,meters
2025-08-03,1.44,1.34,23.7,9.1,1,0.0,meters
2025-08-04,1.42,1.12,20.5,2.0,1,0.0,meters
2025-08-05,1.26,1.1,19.6,5.7,1,0.0,meters
2025-08-06,1.2,1.1,14.6,0.5,1,0.0,meters
2025-08-07,1.68,1.58,17.1,9.5,1,0.0,meters
2025-08-08,2.04,1.78,17.7,15.0,1,0.0,meters
2025-08-09,1.62,1.46,18.2,2.8,1,0.0,meters
2025-08-10,1.52,1.52,20.4,0.2,1,0.0,meters
2025-08-11,1.34,1.26,14.5,10.3,1,0.0,meters
2025-08-12,1.24,1.14,12.2,5.4,1,0.0,meters
2025-08-13,1.7,1.08,18.2,5.8,1,0.0,meters
2025-08-14,2.08,1.78,19.9,6.1,1,0.0,meters
2025-08-15,2.08,1.82,18.4,5.9,1,0.0,meters
2025-08-16,1.62,1.46,17.3,10.8,1,0.0,meters
2025-08-17,1.72,1.38,24.5,6.7,1,0.0,meters
2025-08-18,2.76,2.38,28.6,20.6,1,0.0,meters
2025-08-19,2.76,2.6,23.3,16.1,1,0.0,meters
2025-08-20,2.58,2.34,21.4,3.4,1,0.0,meters
2025-08-21,1.98,1.88,19.2,20.9,1,0.0,meters
2025-08-22,1.76,1.54,20.8,48.2,1,0.0,meters
2025-08-23,1.76,1.38,22.3,36.9,1,0.0,meters
2025-08-24,1.76,1.4,17.7,7.1,1,0.0,meters
2025-08-25,1.52,1.3,11.9,35.8,1,0.0,meters
2025-08-26,1.72,1.64,18.5,8.3,1,0.0,meters
2025-08-27,2.16,1.68,25.6,2.9,1,0.0,meters
2025-08-28,2.24,1.96,26.7,5.6,1,0.0,meters
2025-08-29,2.02,1.74,21.8,5.9,1,0.0,meters
2025-08-30,1.84,1.68,21.4,23.2,1,0.0,meters
2025-08-31,1.68,1.66,10.9,5.2,1,0.0,meters
2025-09-01,1.44,1.44,11.9,0.6,1,0.0,meters
2025-09-02,1.42,1.3,11.3,15.0,1,0.0,meters
2025-09-03,1.84,1.34,23.6,27.0,1,0.0,meters
2025-09-04,1.8,1.62,15.4,17.0,1,0.0,meters
2025-09-05,1.5,1.44,14.9,10.7,1,0.0,meters
2025-09-06,1.22,1.22,13.2,4.4,1,0.0,meters
2025-09-07,1.24,1.16,14.5,0.6,1,0.0,meters
2025-09-08,1.06,0.94,12.7,2.5,1,0.0,meters
2025-09-09,0.98,0.94,13.8,0.9,1,0.0,meters
2025-09-10,1.16,1.04,14.5,5.7,1,0.0,meters
2025-09-11,1.36,1.36,15.2,8.9,1,0.0,meters
2025-09-12,1.34,1.34,15.8,9.6,1,0.0,meters
2025-09-13,1.3,1.18,15.9,12.9,1,0.0,meters
2025-09-14,1.22,1.0,14.7,12.6,1,0.0,meters
2025-09-15,1.38,0.92,18.1,15.2,1,0.0,meters
2025-09-16,1.34,0.92,20.5,7.5,1,0.0,meters
2025-09-17,1.22,1.06,19.3,3.3,1,0.0,meters
2025-09-18,1.16,1.0,14.3,8.3,1,0.0,meters
2025-09-19,1.18,1.12,11.1,7.5,1,0.0,meters
2025-09-20,1.3,1.18,10.8,11.5,1,0.0,meters
2025-09-21,1.24,1.14,7.5,9.4,1,0.0,meters
2025-09-22,1.3,1.22,8.4,7.4,1,0.0,meters
2025-09-23,1.44,1.36,11.5,5.3,1,0.0,meters
2025-09-24,1.54,1.36,10.2,2.8,1,0.0,meters
2025-09-25,1.72,1.54,12.1,0.9,1,0.0,meters
2025-09-26,2.0,1.48,20.9,32.0,1,0.0,meters
2025-09-27,2.46,2.1,25.5,17.9,1,0.0,meters
2025-09-28,2.14,1.9,11.9,13.7,1,0.0,meters
2025-09-29,1.58,1.32,10.7,11.4,1,0.0,meters
2025-09-30,1.08,0.98,10.0,0.0,1,0.0,meters
2025-10-01,1.26,0.88,21.8,11.6,1,0.0,meters
2025-10-02,3.68,2.96,35.6,36.6,1,0.0,meters
2025-10-03,3.0,2.42,35.1,16.0,1,0.0,meters
2025-10-04,2.16,1.86,24.1,8.2,0,0.0,meters
2025-10-05,1.68,1.2,18.9,11.8,1,0.0,meters
2025-10-06,1.32,0.94,9.0,33.1,1,0.0,meters
2025-10-07,1.0,0.92,7.2,6.6,0,0.0,meters
2025-10-08,0.94,0.9,9.2,9.4,0,0.0,meters
2025-10-09,0.94,0.92,8.3,6.9,0,0.0,meters
2025-10-10,1.16,1.16,10.0,7.6,0,0.0,meters
2025-10-11,1.18,1.16,13.3,2.3,0,0.0,meters
2025-10-12,1.04,0.92,18.7,1.6,0,0.0,meters
2025-10-13,0.96,0.84,17.4,0.1,0,0.0,meters
2025-10-14,0.96,0.78,16.6,0.1,0,0.0,meters
2025-10-15,0.92,0.78,14.9,0.0,0,0.0,meters
2025-10-16,1.04,0.98,11.5,0.1,0,0.0,meters
2025-10-17,1.1,1.08,11.5,0.0,0,0.0,meters
2025-10-18,1.08,1.08,17.4,8.4,0,0.0,meters
2025-10-19,0.88,0.86,15.9,8.1,0,0.0,meters
2025-10-20,0.84,0.8,14.4,3.4,0,0.0,meters
2025-10-21,0.8,0.76,16.9,0.2,0,0.0,meters
2025-10-22,0.96,0.68,19.6,0.2,0,0.0,meters
2025-10-23,1.04,0.98,13.4,0.2,0,0.0,meters
2025-10-24,1.04,1.02,14.8,1.0,0,0.0,meters
2025-10-25,0.92,0.8,12.2,3.3,0,0.0,meters
2025-10-26,1.1,0.86,16.5,0.0,0,0.0,meters
2025-10-27,2.12,1.96,20.7,5.7,0,0.0,meters
2025-10-28,2.38,2.0,23.9,45.6,1,0.0,meters
2025-10-29,2.34,2.04,21.1,22.3,1,0.0,meters
2025-10-30,1.9,1.66,21.9,3.4,0,0.0,meters
2025-10-31,1.34,1.08,16.5,0.2,0,0.0,meters
2025-11-01,1.1,0.9,11.0,2.6,0,0.0,meters
2025-11-02,0.94,0.92,12.8,3.6,0,0.0,meters
2025-11-03,0.98,0.96,11.1,0.2,0,0.0,meters
2025-11-04,0.92,0.82,14.4,0.0,0,0.0,meters
2025-11-05,0.84,0.84,11.4,0.0,0,0.0,meters
2025-11-06,0.98,0.84,10.3,0.0,0,0.0,meters
2025-11-07,1.0,0.9,15.6,0.1,0,0.0,meters
2025-11-08,1.22,1.1,17.4,0.0,0,0.0,meters
2025-11-09,1.18,1.08,11.4,0.0,0,0.0,meters
2025-11-10,1.02,0.94,12.9,0.0,0,0.0,meters
2025-11-11,0.92,0.88,8.8,0.0,0,0.0,meters
2025-11-12,0.78,0.76,12.0,0.0,0,0.0,meters
2025-11-13,0.72,0.6,16.1,0.0,0,0.0,meters
2025-11-14,0.7,0.56,14.1,0.0,0,0.0,meters
2025-11-15,0.7,0.54,15.5,0.0,0,0.0,meters
2025-11-16,0.74,0.52,14.5,0.0,0,0.0,meters
2025-11-17,0.9,0.82,13.3,0.0,0,0.0,meters
2025-11-18,0.88,0.82,11.4,0.0,0,0.0,meters
2025-11-19,0.82,0.7,13.2,0.0,0,0.0,meters
2025-11-20,0.92,0.66,15.7,0.0,0,0.0,meters
2025-11-21,0.8,0.54,15.8,0.0,0,0.0,meters
2025-11-22,0.72,0.48,12.1,0.0,0,0.0,meters
2025-11-23,0.78,0.68,14.1,0.0,0,0.0,meters
2025-11-24,0.8,0.68,15.8,0.0,0,0.0,meters
2025-11-25,0.8,0.58,14.5,0.0,0,0.0,meters
2025-11-26,0.8,0.52,18.0,0.0,0,0.0,meters
2025-11-27,0.66,0.46,14.3,0.0,0,0.0,meters
2025-11-28,0.78,0.58,15.4,0.0,0,0.0,meters
2025-11-29,0.82,0.62,16.9,0.0,0,0.0,meters
2025-11-30,0.78,0.66,14.8,0.0,0,0.0,meters
2025-12-01,0.76,0.7,13.6,0.0,0,0.0,meters
2025-12-02,0.72,0.66,15.9,0.0,0,0.0,meters
2025-12-03,0.8,0.7,14.6,0.0,0,0.0,meters
2025-12-04,0.86,0.68,17.1,0.0,0,0.0,meters
2025-12-05,1.02,0.7,18.9,0.0,0,0.0,meters
2025-12-06,0.8,0.58,15.8,0.0,0,0.0,meters
2025-12-07,0.7,0.5,12.5,0.0,0,0.0,meters
2025-12-08,0.58,0.5,10.5,0.0,0,0.0,meters
2025-12-09,0.66,0.48,15.5,0.0,0,0.0,meters
2025-12-10,0.66,0.52,13.5,0.0,0,0.0,meters
2025-12-11,0.66,0.54,10.5,0.0,0,0.0,meters
2025-12-12,0.56,0.48,10.1,0.0,0,0.0,meters
2025-12-13,0.52,0.46,14.8,0.0,0,0.0,meters
2025-12-14,0.52,0.48,14.4,0.0,0,0.0,meters
2025-12-15,0.56,0.52,11.8,0.0,0,0.0,meters
2025-12-16,0.54,0.5,9.5,0.0,0,0.0,meters
2025-12-17,0.5,0.48,11.0,0.0,0,0.0,meters
2025-12-18,0.6,0.5,9.9,0.0,0,0.0,meters
2025-12-19,0.62,0.56,11.7,0.0,0,0.0,meters
2025-12-20,0.68,0.6,10.4,0.0,0,0.0,meters
2025-12-21,0.66,0.58,11.6,0.0,0,0.0,meters
2025-12-22,0.76,0.64,13.1,0.0,0,0.0,meters
2025-12-23,0.72,0.7,12.1,0.0,0,0.0,meters
2025-12-24,0.72,0.64,14.0,0.0,0,0.0,meters
2025-12-25,0.72,0.56,13.8,0.0,0,0.0,meters
2025-12-26,0.68,0.56,11.9,0.0,0,0.0,meters
2025-12-27,0.66,0.58,10.7,0.0,0,0.0,meters
2025-12-28,0.72,0.62,12.7,0.0,0,0.0,meters
2025-12-29,0.64,0.56,13.2,0.0,0,0.0,meters
2025-12-30,0.66,0.6,12.5,0.0,0,0.0,meters
2025-12-31,0.66,0.6,11.1,0.0,0,0.0,meters
2026-01-01,0.66,0.58,11.4,0.0,0,0.0,meters
2026-01-02,0.64,0.58,11.0,0.0,0,0.0,meters
2026-01-03,0.66,0.64,9.4,1.5,0,0.0,meters
2026-01-04,0.76,0.72,15.0,0.0,0,0.0,meters
2026-01-05,0.88,0.72,15.4,0.0,0,0.0,meters
2026-01-06,1.0,0.68,16.6,0.0,0,0.0,meters
2026-01-07,0.84,0.58,15.4,0.0,0,0.0,meters
2026-01-08,0.98,0.74,15.8,0.0,0,0.0,meters
2026-01-09,0.68,0.52,13.3,0.0,0,0.0,meters
2026-01-10,0.66,0.52,12.6,0.0,0,0.0,meters
2026-01-11,0.8,0.66,14.6,0.0,0,0.0,meters
2026-01-12,1.1,0.76,17.3,0.0,0,0.0,meters
2026-01-13,0.8,0.72,12.1,0.0,0,0.0,meters
2026-01-14,0.6,0.52,10.7,0.0,0,0.0,meters
2026-01-15,0.56,0.48,12.3,0.0,0,0.0,meters
2026-01-16,0.6,0.58,11.7,0.0,0,0.0,meters
2026-01-17,0.58,0.56,10.2,0.0,0,0.0,meters
2026-01-18,0.52,0.46,12.2,0.0,0,0.0,meters
2026-01-19,0.62,0.58,9.5,0.0,0,0.0,meters
2026-01-20,0.7,0.7,10.7,0.0,0,0.0,meters
2026-01-21,0.68,0.68,15.3,0.0,0,0.0,meters
2026-01-22,0.78,0.66,14.1,0.0,0,0.0,meters
2026-01-23,0.78,0.72,12.7,0.0,0,0.0,meters
2026-01-24,0.82,0.82,10.5,0.0,0,0.0,meters
2026-01-25,0.82,0.82,10.1,0.0,0,0.0,meters
2026-01-26,0.78,0.74,12.5,0.0,0,0.0,meters
2026-01-27,0.76,0.74,10.3,0.0,0,0.0,meters
2026-01-28,0.66,0.6,9.9,0.0,0,0.0,meters
2026-01-29,0.72,0.7,11.2,0.0,0,0.0,meters
2026-01-30,0.94,0.88,12.7,0.0,0,0.0,meters
2026-01-31,0.94,0.9,14.4,0.0,0,0.0,meters
2026-02-01,0.96,0.9,15.0,0.0,0,0.0,meters
2026-02-02,0.92,0.88,14.1,0.0,0,0.0,meters
2026-02-03,0.78,0.68,13.3,0.0,0,0.0,meters
2026-02-04,0.7,0.64,14.5,0.0,0,0.0,meters
2026-02-05,0.56,0.52,14.8,0.0,0,0.0,meters
2026-02-06,0.52,0.48,14.1,0.0,0,0.0,meters
2026-02-07,0.62,0.56,14.0,0.0,0,0.0,meters
2026-02-08,0.62,0.58,13.7,0.0,0,0.0,meters
2026-02-09,0.58,0.52,11.7,0.0,0,0.0,meters
2026-02-10,0.58,0.56,11.8,0.0,0,0.0,meters
2026-02-11,0.62,0.58,11.7,0.0,0,0.0,meters
2026-02-12,0.64,0.62,13.5,0.0,0,0.0,meters
2026-02-13,0.68,0.66,12.5,0.0,0,0.0,meters
2026-02-14,0.68,0.66,15.5,0.0,0,0.0,meters
2026-02-15,0.72,0.66,13.7,0.3,0,0.0,meters
2026-02-16,0.66,0.62,15.5,0.0,0,0.0,meters
2026-02-17,0.78,0.76,13.6,0.0,0,0.0,meters
2026-02-18,0.8,0.78,15.5,0.0,0,0.0,meters
2026-02-19,0.8,0.78,14.1,0.0,0,0.0,meters
2026-02-20,0.66,0.64,14.4,0.0,0,0.0,meters
2026-02-21,0.66,0.64,14.8,0.0,0,0.0,meters
2026-02-22,0.9,0.86,16.2,0.0,0,0.0,meters
2026-02-23,0.92,0.86,13.1,0.2,0,0.0,meters
2026-02-24,0.82,0.78,7.9,0.5,0,0.0,meters
2026-02-25,0.74,0.7,16.9,1.8,0,0.0,meters
2026-02-26,0.72,0.66,15.3,4.2,0,0.0,meters
2026-02-27,0.84,0.76,15.8,0.0,0,0.0,meters
2026-02-28,0.96,0.72,17.3,0.0,0,0.0,meters
2026-03-01,0.98,0.72,21.2,0.0,0,0.0,meters
2026-03-02,1.0,0.66,16.5,0.1,0,0.0,meters
2026-03-03,0.8,0.58,16.4,0.0,0,0.0,meters
2026-03-04,0.78,0.66,15.6,0.0,0,0.0,meters
2026-03-05,0.98,0.88,14.2,0.0,0,0.0,meters
2026-03-06,1.1,1.04,14.4,0.0,0,0.0,meters
2026-03-07,1.1,1.04,16.8,2.4,0,0.0,meters
2026-03-08,1.04,0.88,17.7,1.9,0,0.0,meters
2026-03-09,0.94,0.72,20.2,1.9,0,0.0,meters
2026-03-10,0.72,0.58,19.0,0.0,0,0.0,meters
2026-03-11,0.9,0.58,23.0,0.5,0,0.0,meters
2026-03-12,1.02,0.66,18.5,0.0,0,0.0,meters
2026-03-13,1.2,0.72,21.7,0.0,0,0.0,meters
2026-03-14,1.42,0.86,24.3,0.0,0,0.0,meters
2026-03-15,1.56,0.86,27.2,0.0,0,0.0,meters
2026-03-16,1.34,0.94,22.6,13.3,1,0.0,meters
2026-03-17,1.38,1.04,23.2,0.0,0,0.0,meters
2026-03-18,1.4,1.1,18.9,0.0,0,0.0,meters
2026-03-19,1.24,1.04,17.7,1.0,0,0.0,meters
2026-03-20,1.2,0.86,20.9,1.5,0,0.0,meters
2026-03-21,1.18,0.84,17.5,3.0,0,0.0,meters
2026-03-22,0.9,0.8,12.7,2.8,0,0.0,meters
2026-03-23,0.68,0.6,15.0,0.0,0,0.0,meters
2026-03-24,0.86,0.58,16.6,1.5,0,0.0,meters
2026-03-25,1.04,0.76,21.3,0.0,0,0.0,meters
2026-03-26,0.94,0.76,13.3,0.0,0,0.0,meters
2026-03-27,0.88,0.64,16.5,0.0,0,0.0,meters
2026-03-28,0.98,0.64,17.7,0.5,0,0.0,meters
2026-03-29,1.28,0.96,22.1,0.0,0,0.0,meters
2026-03-30,1.34,0.88,23.5,0.0,0,0.0,meters
2026-03-31,1.16,0.84,21.6,0.1,0,0.0,meters
2026-04-01,0.88,0.64,16.9,1.3,0,0.0,meters
2026-04-02,1.1,0.68,21.2,0.0,0,0.0,meters
2026-04-03,1.1,0.7,18.8,2.1,0,0.0,meters
2026-04-04,1.04,0.66,14.7,0.0,0,0.0,meters
2026-04-05,1.14,0.76,16.9,3.5,0,0.0,meters
2026-04-06,0.92,0.72,14.8,11.7,1,0.0,meters
2026-04-07,0.88,0.72,18.5,13.4,1,0.0,meters
2026-04-08,1.1,0.7,18.3,2.3,0,0.0,meters
2026-04-09,1.1,0.9,18.3,19.8,1,0.0,meters
2026-04-10,0.92,0.62,13.6,7.3,0,0.0,meters
2026-04-11,1.16,0.72,15.3,0.2,0,0.0,meters
2026-04-12,1.0,0.62,22.0,0.0,0,0.0,meters
2026-04-13,1.36,0.76,22.1,0.0,0,0.0,meters
2026-04-14,1.36,0.94,24.5,0.0,0,0.0,meters
2026-04-15,1.3,0.9,22.1,0.0,0,0.0,meters
2026-04-16,1.38,0.82,26.9,0.0,0,0.0,meters
2026-04-17,1.38,1.06,20.0,0.0,0,0.0,meters
2026-04-18,1.16,0.72,21.0,0.0,0,0.0,meters
2026-04-19,1.28,0.84,22.6,0.0,0,0.0,meters
2026-04-20,1.4,1.04,24.0,0.0,0,0.0,meters
2026-04-21,1.52,1.02,22.4,0.6,0,0.0,meters
2026-04-22,1.4,1.06,19.2,0.0,0,0.0,meters
2026-04-23,1.26,0.98,17.9,0.0,0,0.0,meters
2026-04-24,1.18,0.9,19.6,0.0,0,0.0,meters
2026-04-25,1.34,0.9,21.3,0.0,0,0.0,meters
2026-04-26,1.88,1.02,28.8,0.1,0,0.0,meters
2026-04-27,1.96,1.58,30.8,0.0,0,0.0,meters
2026-04-28,2.14,1.1,27.4,0.0,0,0.0,meters
2026-04-29,1.96,1.32,29.4,0.0,0,0.0,meters
2026-04-30,1.5,1.18,24.3,0.9,0,0.0,meters
2026-05-01,1.72,1.06,27.0,4.1,0,0.0,meters
2026-05-02,1.78,1.12,31.2,1.7,0,0.0,meters
2026-05-03,1.68,1.3,24.6,0.5,0,0.0,meters
2026-05-04,1.36,0.98,19.1,2.5,0,0.0,meters
2026-05-05,1.02,0.76,14.2,6.6,0,0.0,meters
2026-05-06,0.82,0.7,18.6,0.4,0,0.0,meters
2026-05-07,0.98,0.7,23.1,4.3,0,0.0,meters
2026-05-08,0.92,0.82,19.0,3.1,0,0.0,meters
2026-05-09,0.86,0.82,13.4,1.1,0,0.0,meters
2026-05-10,0.82,0.8,15.2,1.9,0,0.0,meters
2026-05-11,0.8,0.68,14.9,4.9,0,0.0,meters
2026-05-12,0.8,0.66,15.9,0.1,0,0.0,meters
2026-05-13,1.0,0.68,18.6,0.0,0,0.0,meters
2026-05-14,1.16,0.94,21.0,0.0,0,0.0,meters
2026-05-15,1.24,0.86,20.0,0.0,0,0.0,meters
2026-05-16,1.28,1.04,21.6,0.0,0,0.0,meters
2026-05-17,1.6,0.98,24.1,0.0,0,0.0,meters
2026-05-18,1.72,1.2,25.9,0.7,0,0.0,meters
2026-05-19,1.66,1.24,23.2,0.3,0,0.0,meters
2026-05-20,1.56,1.16,22.6,0.0,0,0.0,meters
2026-05-21,1.4,0.96,18.3,0.0,0,0.0,meters
2026-05-22,1.32,1.14,22.4,0.5,0,0.0,meters
2026-05-23,1.4,1.32,22.3,0.0,0,0.0,meters
2026-05-24,1.54,1.4,23.8,0.0,0,0.0,meters
2026-05-25,1.5,1.24,24.0,0.0,0,0.0,meters
2026-05-26,1.52,1.22,22.4,0.1,0,0.0,meters
2026-05-27,1.58,1.3,23.5,3.3,0,0.0,meters
2026-05-28,1.58,1.28,22.8,0.8,0,0.0,meters
2026-05-29,1.54,1.28,17.2,5.6,0,0.0,meters
2026-05-30,1.34,1.24,14.7,0.9,0,0.0,meters
2026-05-31,1.34,1.24,12.4,4.6,0,0.0,meters
2026-06-01,1.24,1.18,13.3,2.1,1,0.0,meters
2026-06-02,1.1,0.98,13.9,1.7,1,0.0,meters
2026-06-03,1.22,0.92,14.9,4.0,1,0.0,meters
2026-06-04,1.36,1.1,20.1,5.4,1,0.0,meters
2026-06-05,1.4,1.34,14.7,1.9,1,0.0,meters
2026-06-06,1.54,1.44,14.2,1.2,1,0.0,meters
2026-06-07,1.74,1.44,23.3,16.3,1,0.0,meters
2026-06-08,1.94,1.7,22.4,0.6,1,0.0,meters
2026-06-09,1.88,1.56,15.9,0.0,1,0.0,meters
2026-06-10,1.66,1.46,17.6,2.6,1,0.0,meters
2026-06-11,1.68,1.38,16.1,24.3,1,0.0,meters
2026-06-12,1.6,1.38,15.3,10.0,1,0.0,meters
2026-06-13,1.84,1.48,19.1,1.8,1,0.0,meters
2026-06-14,1.96,1.48,25.0,6.0,1,0.0,meters
2026-06-15,1.82,1.36,18.5,4.7,1,0.0,meters
2026-06-16,1.78,1.08,17.1,2.1,1,0.0,meters
2026-06-17,1.54,1.3,18.8,2.4,1,0.0,meters
2026-06-18,1.7,1.32,22.1,3.6,1,0.0,meters
2026-06-19,1.82,1.32,21.9,12.5,1,0.0,meters
2026-06-20,1.38,1.18,18.1,5.0,1,0.0,meters
2026-06-21,1.64,1.4,18.0,11.5,1,0.0,meters
2026-06-22,1.8,1.44,22.9,1.7,1,0.0,meters
2026-06-23,1.82,1.58,18.4,9.9,1,0.0,meters
2026-06-24,1.56,1.26,15.3,4.1,1,0.0,meters
2026-06-25,1.4,1.06,13.1,4.0,1,0.0,meters
2026-06-26,1.38,1.06,15.5,9.1,1,0.0,meters
2026-06-27,1.28,0.94,16.0,13.0,1,0.0,meters
2026-06-28,1.52,1.12,19.9,15.3,1,0.0,meters
2026-06-29,1.8,1.4,16.7,11.2,1,0.0,meters
2026-06-30,1.84,1.48,14.7,29.4,1,0.0,meters
2026-07-01,1.58,1.2,12.6,21.9,1,0.0,meters
2026-07-02,1.82,1.36,11.1,23.2,1,0.0,meters
2026-07-03,1.74,1.44,9.4,16.0,1,0.0,meters
2026-07-04,3.04,2.76,15.3,20.1,1,0.0,meters
2026-07-05,3.32,2.64,28.7,37.2,1,0.0,meters
2026-07-06,2.9,2.44,30.7,6.3,1,0.0,meters
2026-07-07,2.72,1.82,33.7,9.1,1,0.0,meters
2026-07-08,2.4,1.88,29.4,2.5,1,0.0,meters
2026-07-09,2.16,1.74,31.2,0.7,1,0.0,meters
2026-07-10,2.14,1.7,24.2,36.8,1,0.0,meters
2026-07-11,1.86,1.56,18.3,1.5,1,0.0,meters
2026-07-12,1.72,1.44,21.3,4.5,1,0.0,meters
2026-07-13,1.56,1.38,15.4,6.5,1,0.0,meters
2026-07-14,1.58,1.58,12.6,18.4,1,0.0,meters
2026-07-15,1.58,1.58,17.6,44.8,1,0.0,meters
2026-07-16,2.52,2.1,22.2,31.3,1,0.0,meters
2026-07-17,2.16,1.98,22.9,10.3,1,0.0,meters
2026-07-18,2.26,2.0,19.2,7.4,1,0.0,meters
2026-07-19,1.68,1.54,15.6,7.5,1,0.0,meters
2026-07-20,1.48,1.26,16.3,15.8,1,0.0,meters
2026-07-21,1.8,1.44,19.3,71.8,1,0.0,meters
2026-07-22,2.1,1.56,18.4,23.5,1,0.0,meters
2026-07-23,2.06,1.52,21.6,24.8,1,0.0,meters
2026-07-24,1.86,1.38,18.5,22.1,1,0.0,meters
2026-07-25,1.46,1.36,18.3,49.3,1,0.0,meters
2026-07-26,1.7,1.46,19.5,69.8,1,0.0,meters
2026-07-27,2.02,1.96,21.5,42.7,1,0.0,meters
2026-07-28,2.4,1.88,29.5,26.0,1,0.0,meters
2026-07-29,2.62,2.12,25.0,5.1,1,0.0,meters
2026-07-30,2.6,2.06,29.2,3.3,1,0.0,meters
2026-07-31,2.26,1.72,24.7,4.0,1,0.0,meters
2026-08-01,1.94,1.58,22.3,8.4,1,0.0,meters
2026-08-02,1.66,1.38,14.5,21.8,1,0.0,meters
2026-08-03,1.3,1.02,17.1,44.5,1,0.0,meters
2026-08-04,1.16,0.9,13.6,12.3,1,0.0,meters
2026-08-05,1.14,1.04,14.2,14.8,1,0.0,meters
2026-08-06,1.22,1.16,14.8,34.9,1,0.0,meters
2026-08-07,1.44,1.36,11.3,42.7,1,0.0,meters
2026-08-08,1.76,1.66,16.9,9.0,1,0.0,meters
2026-08-09,1.76,1.68,12.1,14.8,1,0.0,meters
2026-08-10,1.78,1.66,13.7,13.5,1,0.0,meters
2026-08-11,1.78,1.62,17.4,37.3,1,0.0,meters
2026-08-12,1.9,1.46,17.9,32.9,1,0.0,meters
2026-08-13,2.08,1.58,20.3,17.9,1,0.0,meters
2026-08-14,1.98,1.7,19.0,26.6,1,0.0,meters
2026-08-15,1.72,1.54,17.5,57.8,1,0.0,meters
2026-08-16,1.96,1.62,20.1,58.4,1,0.0,meters
2026-08-17,1.96,1.54,22.5,28.1,1,0.0,meters
2026-08-18,1.8,1.46,22.3,13.6,1,0.0,meters
2026-08-19,1.6,1.32,17.5,7.7,1,0.0,meters
2026-08-20,1.64,1.18,12.8,2.1,1,0.0,meters
2026-08-21,1.64,1.3,14.2,16.3,1,0.0,meters
2026-08-22,1.76,1.56,15.7,80.3,1,0.0,meters
2026-08-23,2.04,1.84,14.1,67.6,1,0.0,meters
2026-08-24,2.52,2.02,23.5,7.6,1,0.0,meters
2026-08-25,2.18,2.08,20.1,3.8,1,0.0,meters
2026-08-26,2.1,1.84,15.3,45.3,1,0.0,meters
2026-08-27,1.82,1.68,17.4,18.4,1,0.0,meters
2026-08-28,1.66,1.52,16.8,17.9,1,0.0,meters
2026-08-29,1.7,1.36,17.6,28.0,1,0.0,meters
2026-08-30,1.88,1.78,17.5,58.0,1,0.0,meters
2026-08-31,1.86,1.72,21.3,37.6,1,0.0,meters
